Date;23-9-2021;;;;;;;;;;;
Type;MAJOR FLAG;STOCK TYPE;QUOTE INDICATOR;GEOGRAPHIC DESCR.;GEOG DESC OF LSTNG;CURRENCY;ISIN ISSUER CTRY;NAME;FULL NAME;COMPANY NAME;ISIN CODE;CURRENCY
41294N;Y;GDR;P;NETHERLANDS;UNITED KINGDOM;E;US;A&D PHARMA HOLDINGS GDR REG S;A&D PHARMA HOLDINGS GDR REG S;A&D PHARMA HOLDINGS NV;US0024812085;E 
51134P;Y;EQ;S;HUNGARY;CZECH REPUBLIC;CK;NL;AAA AUTO GROUP (PRA) DEAD - 04/07/13;AAA AUTO GROUP (PRA) DEAD - 04/07/13;AAA AUTO GROUP NV;NL0006033375;CK
749352;Y;EQ;P;NETHERLANDS;NETHERLANDS;E;NL;AALBERTS;AALBERTS;AALBERTS NV;NL0000852564;E 
8721AT;Y;EQ;P;NETHERLANDS;NETHERLANDS;E;NL;ABN AMRO BANK;ABN AMRO BANK;ABN AMRO BANK NV;NL0011540547;E 
505972;Y;EQ;P;NETHERLANDS;NETHERLANDS;E;NL;ABN AMRO HOLDING DEAD - 25/04/08;ABN AMRO HOLDING DEAD - 25/04/08;ABN AMRO HOLDING NV;NL0000301109;E 
688324;Y;EQ;P;NETHERLANDS;NETHERLANDS;E;NL;ACCELL GROUP;ACCELL GROUP;ACCELL GROUP NV;NL0009767532;E 
27187D;Y;EQ;P;NETHERLANDS;NETHERLANDS;E;N/A;ACHMEA HOLDING NV;ACHMEA HOLDING NV;ACHMEA HOLDING NV;NA;E 
265628;Y;EQ;P;GERMANY;GERMANY;E;NL;AD PEPPER MEDIA INTL.;AD PEPPER MEDIA INTERNATIONAL;AD PEPPER MEDIA INTERNATIONAL NON VOTING;NL0000238145;E 
9307KF;Y;EQ;P;NETHERLANDS;NETHERLANDS;E;NL;ADYEN;ADYEN;ADYEN NV;NL0012969182;E 
922956;Y;EQ;P;NETHERLANDS;NETHERLANDS;E;NL;AEGON;AEGON;AEGON;NL0000303709;E 
539762;Y;UT;NA;NETHERLANDS;NA;E;NL;AEGON AANDELEN DEAD - DEAD 29/06/07;AEGON AANDELEN DEAD - DEAD 29/06/07;AEGON AANDELEN;NL0000284743;E 
41380F;Y;EQ;P;UNITED STATES;UNITED STATES;U$;NL;AERCAP HOLDINGS N V;AERCAP HOLDINGS N V;AERCAP HOLDINGS N V;NL0000687663;U$
679622;Y;EQ;P;NETHERLANDS;NETHERLANDS;E;NL;AFC AJAX;AFC AJAX;AFC AJAX NV;NL0000018034;E 
729264;Y;EQ;P;NETHERLANDS;NETHERLANDS;E;NL;AHREND(KON.) GP.CERTS. DEAD - DELIST.12/02/01;AHREND(KONINKLIJKE) GROUP CERTIFICATES DEAD - DELIST.12/02/01;AHREND GROEP NV;NL0000332351;E 
289246;Y;EQ;P;NETHERLANDS;NETHERLANDS;E;NL;AINO DEAD - DEAD 24/10/03;AINO DEAD - DEAD 24/10/03;AINO;NL0000335669;E 
289361;Y;EQ;P;FRANCE;FRANCE;E;NL;AIRBUS;AIRBUS;AIRBUS SE;NL0000235190;E 
681133;N;EQ;P;NETHERLANDS;NETHERLANDS;E;NL;AIRSPRAY NM DEAD - 17/07/06;AIRSPRAY NM DEAD - 17/07/06;AIRSPRAY NM NV;NL0000333557;E 
912643;Y;EQ;P;NETHERLANDS;NETHERLANDS;E;NL;AKZO NOBEL;AKZO NOBEL;AKZO NOBEL NV;NL0013267909;E 
9278T2;Y;EQ;P;NETHERLANDS;NETHERLANDS;E;NL;ALFEN;ALFEN;ALFEN NV;NL0012817175;E 
904250;Y;EQ;P;NETHERLANDS;NETHERLANDS;FL;N/A;ALGEMENE BK.NED. DEAD - CONV.SEE 505972;ALGEMENE BANK NEDERLANDS DEAD - CONVERSION SEE 505972;ALGEMENE BANK NEDERLANDS;NA;FL
755095;Y;UT;P;NETHERLANDS;NA;E;NL;ALLIANZ EUROPA OBLIGATIE FONDS;ALLIANZ EUROPA OBLIGATIE FONDS;ALLIANZ EUROPA OBLIGATIE;NL0000286904;E 
932779;Y;EQ;P;NETHERLANDS;NETHERLANDS;E;NL;ALMUNDA PROFESSIONALS;ALMUNDA PROFESSIONALS;ALMUNDA PROFESSIONALS NV;NL0010696704;E 
897397;Y;CF;P;NETHERLANDS;NETHERLANDS;E;NL;ALPINVEST HOLDING DEAD - DELIST 20/04/00;ALPINVEST HOLDING DEAD - DELIST 20/04/00;ALPINVEST HOLDING;NL0000284792;E 
952405;Y;UT;NA;NETHERLANDS;NA;E;AN;ALRENTA N V CAPTL. DEAD - 05/03/05;ALRENTA N V CAPITALIZATION DEAD - 05/03/05;ALRENTA N V CAPITALIZATION;ANN029371211;E 
8732Q7;Y;EQ;P;NETHERLANDS;NETHERLANDS;E;NL;ALTICE EUROPE DEAD - DELIST.27/01/21;ALTICE EUROPE DEAD - DELIST.27/01/21;ALTICE EUROPE NV;NL0011333752;E 
8701DC;N;EQ;P;NETHERLANDS;NETHERLANDS;E;LU;ALTICE SA;ALTICE SA;ALTICE SA;LU1014539529;E 
289104;Y;EQ;P;NETHERLANDS;NETHERLANDS;E;NL;ALUMEXX;ALUMEXX;ALUMEXX NV;NL0012194724;E 
932858;Y;EQ;P;NETHERLANDS;NETHERLANDS;E;NL;AM DEAD - 14/03/06;AM DEAD - 14/03/06;AM NV;NL0000389799;E 
50788M;Y;EQ;P;NETHERLANDS;NETHERLANDS;E;NL;AMG ADVD.METALLURGICAL GROUP;AMG ADVANCED METALLURGICAL GROUP;AMG ADVANCED METALLURGICAL GROUP;NL0000888691;E 
30900F;Y;EQ;P;POLAND;POLAND;PZ;ES;AMREST HOLDINGS;AMREST HOLDINGS;AMREST HOLDINGS SE;ES0105375002;PZ
916784;Y;EQ;P;NETHERLANDS;NETHERLANDS;FL;N/A;AMRO BANK DEAD - DELIST 09/10/90;AMRO BANK DEAD - DELIST 09/10/90;AMRO BANK;NA;FL
932754;Y;EQ;P;NETHERLANDS;NETHERLANDS;E;NL;AMSTERDAM COMMODITIES;AMSTERDAM COMMODITIES;AMSTERDAM COMMODITIES NV;NL0000313286;E 
50692U;Y;EQ;P;NETHERLANDS;NETHERLANDS;E;NL;AMT HOLDING DEAD - 19/11/12;AMT HOLDING DEAD - 19/11/12;AMT HOLDING;NL0000886968;E 
998477;Y;UT;NA;NETHERLANDS;NA;E;NL;AMVABEL DEAD - DEAD 14/03/02;AMVABEL DEAD - DEAD 14/03/02;AMVABEL;NL0000285120;E 
27507F;Y;EQ;P;NETHERLANDS;NETHERLANDS;E;N/A;ANTILLIAANSE VERFFABRIEK NV;ANTILLIAANSE VERFFABRIEK NV;ANTILLIAANSE VERFFABRIEK;NA;E 
301773;Y;EQ;P;NETHERLANDS;NETHERLANDS;E;NL;ARCADIS;ARCADIS;ARCADIS NV;NL0006237562;E 
67495K;N;EQ;P;NETHERLANDS;NETHERLANDS;E;N/A;ARCELORMITTAL;ARCELORMITTAL;ARCELORMITTAL;NA;E 
28033R;Y;EQ;P;NETHERLANDS;NETHERLANDS;E;NL;ARCONA PROPERTY FUND;ARCONA PROPERTY FUND;ARCONA PROPERTY FUND;NL0006311706;E 
888051;Y;EQ;P;NETHERLANDS;NETHERLANDS;E;NL;ASM INTERNATIONAL;ASM INTERNATIONAL;ASM INTERNATIONAL;NL0000334118;E 
152001;Y;EQ;P;NETHERLANDS;NETHERLANDS;E;NL;ASML HOLDING;ASML HOLDING;ASML HOLDING NV;NL0010273215;E 
307013;Y;UT;P;NETHERLANDS;NA;E;NL;ASN DUURZAAM MIX FONDS DEAD - Merged:9041WQ;ASN DUURZAAM MIX FONDS DEAD - Merged:9041WQ;ASN DUURZAAM MIX FONDS;NL0000280089;E 
7493HR;Y;EQ;P;NETHERLANDS;NETHERLANDS;E;NL;ASR NEDERLAND;ASR NEDERLAND;ASR NEDERLAND;NL0011872643;E 
923535;Y;EQ;S;NETHERLANDS;NETHERLANDS;E;NL;ASR VERZEKERINGSGROEP DEAD - DELIST.21/03/01;ASR VERZEKERINGSGROEP DEAD - DELIST.21/03/01;ASR VERZEKERINGSGROEP;NL0000301380;E 
411187;Y;EQ;P;POLAND;POLAND;PZ;NL;ASTARTA HOLDING;ASTARTA HOLDING;ASTARTA HOLDING NV;NL0000686509;PZ
686641;Y;EQ;P;NETHERLANDS;NETHERLANDS;E;NL;ASTRA INFORMATICA GROEP DEAD - MERGER 289246;ASTRA INFORMATICA GROEP DEAD - MERGER 289246;ASTRA INFORMATICA GROEP;NL0000335651;E 
756566;Y;EQ;P;NETHERLANDS;NETHERLANDS;E;NL;ATAG GROUP DEAD - DELIST 01/11/01;ATAG GROUP DEAD - DELIST 01/11/01;ATAG GROUP NV;NL0000335743;E 
932887;Y;EQ;P;NETHERLANDS;NETHERLANDS;E;NL;ATHLON HOLDING;ATHLON HOLDING;ATHLON HOLDING NV;NL0000380210;E 
51369X;Y;EQ;P;GERMANY;GERMANY;E;NL;AUDIUS;AUDIUS;AUDIUS SE;NL0006129074;E 
690389;Y;EQ;P;NETHERLANDS;NETHERLANDS;E;NL;AVALIX GROEP DEAD - MERGER 289246;AVALIX GROEP DEAD - MERGER 289246;AVALIX GROEP;NL0000336006;E 
51268X;Y;EQ;P;NETHERLANDS;NETHERLANDS;E;NL;AVANTIUM;AVANTIUM;AVANTIUM NV;NL0012047823;E 
27187E;Y;EQ;P;NETHERLANDS;NETHERLANDS;E;N/A;AVEBE B A;AVEBE B A;AVEBE B A;NA;E 
86786D;Y;EQ;P;UNITED STATES;UNITED STATES;U$;NL;AVG TECHNOLOGIES DEAD - DELIST 13/09/17;AVG TECHNOLOGIES DEAD - DELIST 13/09/17;AVG TECHNOLOGIES NV;NL0010060661;U$
676711;Y;EQ;P;NETHERLANDS;NETHERLANDS;E;NL;AXA STENMAN DEAD - DEAD 15/04/03;AXA STENMAN DEAD - DEAD 15/04/03;AXA STENMAN;NL0000335974;E 
301571;Y;EQ;P;NETHERLANDS;NETHERLANDS;E;NL;AXXICON GROEP DEAD - DELIST.19/01/01;AXXICON GROEP DEAD - DELIST.19/01/01;AXXICON GROEP NV;NL0000336444;E 
143725;Y;EQ;P;NETHERLANDS;NETHERLANDS;E;NL;BAAN DEAD - 09/08/11;BAAN DEAD - 09/08/11;BAAN COMPANY NV;NL0000336352;E 
142433;Y;EQ;P;NETHERLANDS;NETHERLANDS;E;NL;BALLAST NEDAM DEAD - 26/02/16;BALLAST NEDAM DEAD - 26/02/16;BALLAST NEDAM NV;NL0000336543;E 
932775;Y;EQ;P;NETHERLANDS;NETHERLANDS;E;NL;BAM GROEP KON.;BAM GROEP KONINKLIJKE;KONINKLIJKE BAM GROEP NV;NL0000337319;E 
7493HQ;Y;EQ;P;NETHERLANDS;NETHERLANDS;E;NL;BASIC-FIT;BASIC-FIT;BASIC-FIT;NL0011872650;E 
32009L;Y;EQ;S;UNITED KINGDOM;UNITED KINGDOM;£;NL;BATEMAN ENGINEERING DEAD - 24/04/09;BATEMAN ENGINEERING DEAD - 24/04/09;BATEMAN ENGINEERING NV;NL0000039147;£ 
35967U;Y;EQ;P;NETHERLANDS;UNITED KINGDOM;£;NL;BATEMAN LITWIN DEAD - 02/11/09;BATEMAN LITWIN DEAD - 02/11/09;BATEMAN LITWIN NV;NL0000683829;£ 
932777;Y;EQ;P;NETHERLANDS;NETHERLANDS;E;NL;BATENBURG TECHNIEK DEAD - DELIST.29/04/19;BATENBURG TECHNIEK DEAD - DELIST.29/04/19;BATENBURG TECHNIEK;NL0006292906;E 
866096;Y;EQ;P;NETHERLANDS;NETHERLANDS;E;NL;BE SEMICONDUCTOR INDUSTRIES;BE SEMICONDUCTOR INDUSTRIES;BE SEMICONDUCTOR INDUSTRIES;NL0012866412;E 
904251;Y;EQ;P;NETHERLANDS;NETHERLANDS;E;NL;BEERS DEAD - DELIST.09/02/01;BEERS DEAD - DELIST.09/02/01;BEERS NV;NL0000338465;E 
898739;Y;EQ;P;UNITED STATES;NETHERLANDS;E;NL;BENCKISER 'B' DEAD - T/O BY 900484;BENCKISER 'B' DEAD - T/O BY 900484;BENCKISER 'B';NL0000339331;E 
922960;Y;EQ;P;NETHERLANDS;NETHERLANDS;FL;NL;BERKEL'S PATENT DEAD - DELIST.04/01/93;BERKEL'S PATENT DEAD - DELIST.04/01/93;BERKEL'S PATENT;NL0000339612;FL
772701;Y;EQ;P;NETHERLANDS;NETHERLANDS;FL;NL;BESOUW(VAN CERTS.) DEAD - DELIST 18/07/97;BESOUW(VAN CERTIFICATES) DEAD - DELIST 18/07/97;BESOUW HOLDING VAN;NL0000440071;FL
882832;Y;EQ;P;NETHERLANDS;NETHERLANDS;E;NL;BETER BED HOLDING;BETER BED HOLDING;BETER BED HOLDING NV;NL0000339703;E 
998684;Y;EQ;P;NETHERLANDS;NETHERLANDS;E;NL;BEVER HOLDING SUSP - SUSP.08/09/21;BEVER HOLDING SUSP - SUSPENDED 08/09/21;BEVER HOLDING NV;NL0000285278;E 
912706;Y;EQ;P;NETHERLANDS;NETHERLANDS;E;NL;BIJENKORF KON. DEAD - T/O BY 143724;BIJENKORF KONINKLIJKE DEAD - T/O BY 143724;BIJENKORF KONINKLIJKE;NL0000343655;E 
702063;Y;EQ;P;NETHERLANDS;NETHERLANDS;E;NL;BINCKBANK DEAD - DELIST.26/09/19;BINCKBANK DEAD - DELIST.26/09/19;BINCKBANK NV;NL0000335578;E 
932781;Y;EQ;P;NETHERLANDS;NETHERLANDS;E;NL;BLYDENSTEIN-WILLINK DEAD - 16/01/07;BLYDENSTEIN-WILLINK DEAD - 16/01/07;BLYDENSTEIN-WILLINK NV;NL0000340347;E 
754838;Y;UT;P;NETHERLANDS;NA;E;NL;BNP PARIBAS ALL IN FUND DEAD - Merged:32343H;BNP PARIBAS ALL IN FUND DEAD - Merged:32343H;BNP PARIBAS ALL IN FUND;NL0006294068;E 
933241;Y;UT;P;NETHERLANDS;NA;E;NL;BNP PARIBAS OBAM N V.;BNP PARIBAS OBAM N V.;BNP PARIBAS OBAM N V.;NL0006294035;E 
950619;Y;EQ;P;NETHERLANDS;NETHERLANDS;FL;N/A;BOLS LUCAS;BOLS LUCAS;BOLS LUCAS;NA;FL
929310;Y;EQ;P;NETHERLANDS;NETHERLANDS;FL;NL;BORSUMIJ WEHRY DEAD - DELIST.20/10/95;BORSUMIJ WEHRY DEAD - DELIST.20/10/95;BORSUMIJ WEHRY;NL0000341394;FL
922358;Y;EQ;P;NETHERLANDS;NETHERLANDS;E;NL;BOSKALIS WESTMINSTER;BOSKALIS WESTMINSTER;KONINKLIJKE BOSKALIS WESTMINSTER NV;NL0000852580;E 
27507H;Y;EQ;P;NETHERLANDS;NETHERLANDS;E;N/A;BRAAT BEHEER N V DEAD - DEAD;BRAAT BEHEER N V DEAD - DEAD;BRAAT BEHEER N V;NA;E 
72960P;Y;EQ;P;ISRAEL;ISRAEL;I£;NL;BRACK CAPITAL PROPERTIES;BRACK CAPITAL PROPERTIES;BRACK CAPITAL PROPERTIES NV;NL0009690619;I£
264711;Y;EQ;P;GERMANY;GERMANY;E;NL;BRAINPOWER;BRAINPOWER;BRAINPOWER NV;NL0000238228;E 
916656;Y;EQ;P;NETHERLANDS;NETHERLANDS;FL;NL;BREDERO VERN.BEDR. DEAD - DELIST.17/12/96;BREDERO VEREENIGDE BEDRIJVEN DEAD - DELIST.17/12/96;BREDERO VEREENIGDE BEDRIJVEN;NL0000342632;FL
932787;Y;EQ;P;NETHERLANDS;NETHERLANDS;E;NL;BREEVAST CERTS. DEAD - DELIST 05/11/99;BREEVAST CERTIFICATES DEAD - DELIST 05/11/99;BREEVAST NV;NL0000342541;E 
923522;Y;EQ;P;NETHERLANDS;NETHERLANDS;E;NL;BROCACEF HOLDING DEAD - DELIST.02/02/01;BROCACEF HOLDING DEAD - DELIST.02/02/01;BROCACEF HOLDING;NL0000331650;E 
897486;Y;EQ;P;NETHERLANDS;NETHERLANDS;E;NL;BRUNEL INTL.;BRUNEL INTERNATIONAL;BRUNEL INTERNATIONAL NV;NL0010776944;E 
929316;Y;EQ;P;NETHERLANDS;NETHERLANDS;FL;NL;BUHRMANN-TETT. DEAD - DELIST 20/10/76;BUHRMANN-TETTERODE DEAD - DELIST 20/10/76;BUHRMANN-TETTERODE;NL0000343119;FL
50675K;Y;EQ;P;NETHERLANDS;UNITED KINGDOM;E;NL;BURANI DESIGNER HLDG. (DI);BURANI DESIGNER HOLDING (DI);BURANI DESIGNER HOLDING NV;NL0000886521;E 
932831;Y;EQ;P;NETHERLANDS;NETHERLANDS;E;NL;BURGMAN HEYBROEK DEAD - DEAD 01/08/03;BURGMAN HEYBROEK DEAD - DEAD 01/08/03;BURGMAN HEYBROEK NV;NL0000362432;E 
930349;Y;EQ;P;NETHERLANDS;NETHERLANDS;E;NL;CALVE DELFT;CALVE DELFT;CALVE-DELFT;NL0000343846;E 
27189N;Y;EQ;P;UNITED KINGDOM;UNITED KINGDOM;£;N/A;CAMPINA MELKUNIE B V;CAMPINA MELKUNIE B V;CAMPINA MELKUNIE B V;NA;£ 
772746;Y;EQ;P;NETHERLANDS;NETHERLANDS;E;NL;CAP GEMINI GROUP DEAD - DELIST 30/05/01;CAP GEMINI GROUP DEAD - DELIST 30/05/01;CAP GEMINI GROUP NV;NL0000344000;E 
676630;Y;EQ;P;NETHERLANDS;NETHERLANDS;E;NL;CARDIO CONTROL NM DEAD - DEAD;CARDIO CONTROL NM DEAD - DEAD;CARDIO CONTROL NM;NL0000344059;E 
298717;Y;EQ;P;GERMANY;GERMANY;E;NL;CATALIS (MUN) DEAD - DELIST.23/08/18;CATALIS (MUN) DEAD - DELIST.23/08/18;CATALIS SE;NL0012293955;E 
702880;Y;EQ;P;NETHERLANDS;NETHERLANDS;FL;NL;CENTER PARCS DEAD - DELIST 12/12/90;CENTER PARCS DEAD - DELIST 12/12/90;CENTER PARCS;NL0000344117;FL
27507K;Y;EQ;P;NETHERLANDS;NETHERLANDS;E;N/A;CENTRAAL BEHEER NA DEAD - DEAD;CENTRAAL BEHEER NA DEAD - DEAD;CENTRAAL BEHEER NA;NA;E 
142445;Y;EQ;P;NETHERLANDS;NETHERLANDS;E;NL;CETECO DEAD - 16/04/10;CETECO DEAD - 16/04/10;CETECO;NL0000344315;E 
889639;Y;EQ;P;UNITED STATES;UNITED STATES;U$;US;CHICAGO BDG.&IO. DEAD - DELIST.11/05/18;CHICAGO BRIDGE &IRON DEAD - DELIST.11/05/18;CHICAGO BRIDGE & IRON NV;US1672501095;U$
31737V;Y;EQ;P;UNITED STATES;UNITED STATES;U$;IE;CIMPRESS;CIMPRESS;CIMPRESS PUBLIC LIMITED COMPANY;IE00BKYC3F77;U$
932796;Y;EQ;P;NETHERLANDS;NETHERLANDS;E;NL;CINDU INTERNATIONAL DEAD - DELIST 18/06/99;CINDU INTERNATIONAL DEAD - DELIST 18/06/99;CINDU INTERNATIONAL NV;NL0000344513;E 
9271JC;Y;EQ;P;NETHERLANDS;NETHERLANDS;E;NL;CM COM;CM COM;CM COM NV;NL0012747059;E 
9518YY;Y;EQ;P;NETHERLANDS;NETHERLANDS;E;N/A;CM COM (WI) POSTPONED DEAD - DELETE.21/02/20;CM COM (WI) POSTPONED DEAD - DELETE.21/02/20;CM COM BV;NA;E 
270618;Y;EQ;S;UNITED STATES;GERMANY;E;NL;CNH GLOBAL (FRA) DEAD - 01/10/13;CNH GLOBAL (FRA) DEAD - 01/10/13;CNH GLOBAL;NL0000298933;E 
702229;Y;UT;P;NETHERLANDS;NA;U$;NL;COLUMBIA SECURITIES DEAD - Merged:91658V;COLUMBIA SECURITIES DEAD - Merged:91658V;COLUMBIA SECURITIES;NL0000440709;U$
26496V;Y;EQ;S;FRANCE;FRANCE;E;NL;COMPLETEL DEAD - 18/11/10;COMPLETEL DEAD - 18/11/10;COMPLETEL EUROPE NV;NL0000262822;E 
88673V;Y;EQ;P;UNITED STATES;UNITED STATES;U$;FR;CONSTELLIUM SE A;CONSTELLIUM SE A;CONSTELLIUM SE;FR0013467479;U$
729500;Y;EQ;P;NETHERLANDS;NETHERLANDS;E;NL;CONTENT BEHEER DEAD - DELIST 16/07/99;CONTENT BEHEER DEAD - DELIST 16/07/99;CONTENT BEHEER NV;NL0000345015;E 
27507N;Y;EQ;P;NETHERLANDS;NETHERLANDS;E;N/A;COOPERATIE KONINKLIJKE CEBECO GROEP UA;COOPERATIE KONINKLIJKE CEBECO GROEP UA;COOPERATIE KONINKLIJKE;NA;E 
27507M;Y;EQ;P;NETHERLANDS;NETHERLANDS;E;N/A;COOP. CONDENSFABRIEK FRIESLAND (CCF);COOPERATIVE CONDENSFABRIEK FRIESLAND (CCF);COOPERATIVE CONDENSFABRIEK;NA;E 
676212;Y;EQ;P;NETHERLANDS;NETHERLANDS;E;NL;COPACO DEAD - DELIST 10/12/04;COPACO DEAD - DELIST 10/12/04;COPACO NV;NL0000345338;E 
933025;Y;EQ;P;NETHERLANDS;NETHERLANDS;E;NL;CORBION;CORBION;CORBION;NL0010583399;E 
311577;Y;EQ;P;UNITED STATES;UNITED STATES;U$;NL;CORE LABORATORIES;CORE LABORATORIES;CORE LABORATORIES;NL0000200384;U$
905503;Y;EQ;P;NETHERLANDS;NETHERLANDS;E;NL;CORIO DEAD - 01/04/15;CORIO DEAD - 01/04/15;CORIO NV;NL0000288967;E 
929136;Y;EQ;P;NETHERLANDS;NETHERLANDS;E;NL;CORPORATE EXPRESS DEAD - 07/08/08;CORPORATE EXPRESS DEAD - 07/08/08;CORPORATE EXPRESS NV;NL0000852861;E 
27507P;Y;EQ;P;NETHERLANDS;NETHERLANDS;E;N/A;COVECO BEHEER NV DEAD - DEAD;COVECO BEHEER NV DEAD - DEAD;COVECO BEHEER NV;NA;E 
2550D9;Y;EQ;P;NORWAY;NORWAY;NK;NL;CRC HOLDING;CRC HOLDING;PRYME BV;NL00150005Z1;NK
929627;Y;EQ;P;NETHERLANDS;NETHERLANDS;E;N/A;CR.LYONN.BK.NED.CERTS;CREDIT LYONNAIS BANK NEDERLANDS CERTS;CREDIT LYONNAIS BANK NEDERLANDS CERTS;NA;E 
701548;Y;EQ;P;NETHERLANDS;NETHERLANDS;E;NL;CROWN VAN GELDER DEAD - 24/04/15;CROWN VAN GELDER DEAD - 24/04/15;CROWN VAN GELDER NV;NL0000345452;E 
269490;Y;EQ;P;NETHERLANDS;NETHERLANDS;E;NL;CRUCELL DEAD - 12/04/11;CRUCELL DEAD - 12/04/11;CRUCELL NV;NL0000358562;E 
51238W;Y;EQ;S;NETHERLANDS;UNITED KINGDOM;£;NL;CRYO SAVE GROUP (DI) DEAD - 30/06/10;CRYO SAVE GROUP (DI) DEAD - 30/06/10;ESPERITE NV;NL0009272137;£ 
888893;Y;EQ;P;NETHERLANDS;NETHERLANDS;E;NL;CSS NM DEAD - DEAD 23/06/03;CSS NM DEAD - DEAD 23/06/03;CSS NM;NL0000345544;E 
676629;Y;EQ;P;NETHERLANDS;NETHERLANDS;E;NL;CTAC NM;CTAC NM;CTAC NM NV;NL0000345577;E 
2560J3;Y;EQ;P;NETHERLANDS;NETHERLANDS;E;NL;CTP NV;CTP NV;CTP NV;NL00150006R6;E 
8708W5;Y;EQ;P;NETHERLANDS;NETHERLANDS;E;NL;CURETIS DEAD - DELIST.05/05/20;CURETIS DEAD - DELIST.05/05/20;CURETIS;NL0011509294;E 
504488;Y;EQ;P;NETHERLANDS;NETHERLANDS;FL;NL;DAF DEAD - DELIST.01/09/93;DAF DEAD - DELIST.01/09/93;DAF;NL0000009553;FL
87225R;Y;EQ;S;NETHERLANDS;NETHERLANDS;E;NL;DE MASTER BLENDERS 1753 DEAD - 29/10/13;DE MASTER BLENDERS 1753 DEAD - 29/10/13;DE MASTER BLENDERS 1753 BV;NL0010157558;E 
932854;Y;EQ;P;NETHERLANDS;NETHERLANDS;E;NL;DE VRIES ROBBE GROEP DEAD - 29/01/10;DE VRIES ROBBE GROEP DEAD - 29/01/10;DE VRIES ROBBE GROEP NV;NL0000370294;E 
923884;Y;EQ;P;NETHERLANDS;NETHERLANDS;E;NL;DELFT INSTRUMENTS DEAD - DELIST 01/06/04;DELFT INSTRUMENTS DEAD - DELIST 01/06/04;DELFT INSTRUMENTS NV;NL0000375772;E 
508815;Y;UT;P;NETHERLANDS;NA;E;NL;DELTA LLOYD DEELNEMINGEN FONDS;DELTA LLOYD DEELNEMINGEN FONDS;DELTA LLOYD DEELNEMINGEN;NL0000288389;E 
68214F;Y;EQ;P;NETHERLANDS;NETHERLANDS;E;NL;DELTA LLOYD GROUP DEAD - DEAD 01/06/17;DELTA LLOYD GROUP DEAD - DEAD 01/06/17;DELTA LLOYD GROUP NV;NL0009294552;E 
27187M;Y;EQ;P;NETHERLANDS;NETHERLANDS;E;N/A;DELTA LLOYD JADE FONDS N V;DELTA LLOYD JADE FONDS N V;DELTA LLOYD JADE FONDS N;NA;E 
26610D;Y;EQ;P;NETHERLANDS;NETHERLANDS;E;N/A;DELTA LLOYD VEST.;DELTA LLOYD VESTEGNENS;DELTA LLOYD VESTEGNENS;NA;E 
921055;Y;EQ;P;NETHERLANDS;NETHERLANDS;FL;N/A;DESSEAUX TAPIJT. DEAD - DELIST.04/01/93;DESSEAUX TAPIJTFABRIEK DEAD - DELIST.04/01/93;DESSEAUX TAPIJTFABRIEK;NA;FL
695495;Y;EQ;P;NETHERLANDS;NETHERLANDS;E;NL;DETRON GROUP DEAD - DELIST.11/08/00;DETRON GROUP DEAD - DELIST.11/08/00;DETRON GROUP;NL0000347805;E 
695515;Y;EQ;P;NETHERLANDS;NETHERLANDS;E;NL;DEVOTE DEAD - DELIST 26/09/01;DEVOTE DEAD - DELIST 26/09/01;DEVOTE;NL0000346443;E 
932783;Y;EQ;P;NETHERLANDS;NETHERLANDS;E;NL;DGB GROUP;DGB GROUP;DGB GROUP NV;NL0009169515;E 
273493;Y;EQ;P;NETHERLANDS;NETHERLANDS;U$;NL;DIM VASTGOED DEAD - 02/08/10;DIM VASTGOED DEAD - 02/08/10;DIM VASTGOED;NL0000284750;U$
27507Q;Y;EQ;P;NETHERLANDS;NETHERLANDS;E;N/A;DMV CAMPINA B V DEAD - DEAD;DMV CAMPINA B V DEAD - DEAD;DMV CAMPINA B V;NA;E 
932876;Y;EQ;P;NETHERLANDS;NETHERLANDS;E;NL;DNC DE NED. DEAD - 31/12/08;DNC DE NEDERLANDS DEAD - 31/12/08;DNC DE NEDERLANDS COMPANY NV;NL0000376044;E 
51137F;Y;EQ;P;NORWAY;NORWAY;NK;BM;DOCKWISE DEAD - 22/04/13;DOCKWISE DEAD - 22/04/13;DOCKWISE LIMITED;BMG2786A1062;NK
923527;Y;EQ;P;NETHERLANDS;NETHERLANDS;E;NL;DORDTSCHE PTL.INDS. DEAD - DELIST 17/12/01;DORDTSCHE PETROLEUM INDUSTRIES DEAD - DELIST 17/12/01;DORDTSCHE PETROLEUM INDUSTRIES;NL0000009405;E 
932802;Y;EQ;P;NETHERLANDS;NETHERLANDS;E;NL;DORP VAN DESPEC GROEP DEAD - DELIST.06/04/01;DORP VAN DESPEC GROEP DEAD - DELIST.06/04/01;DORP VAN DESPEC GROUP;NL0000347250;E 
697057;Y;EQ;P;NETHERLANDS;NETHERLANDS;E;NL;DPA GROUP;DPA GROUP;DPA GROUP NV;NL0009197771;E 
307364;Y;EQ;P;NETHERLANDS;NETHERLANDS;E;NL;DRAKA HOLDINGS DEAD - 07/04/11;DRAKA HOLDINGS DEAD - 07/04/11;DRAKA HOLDING NV;NL0000347813;E 
779426;Y;EQ;P;NETHERLANDS;NETHERLANDS;E;NL;DSM KONINKLIJKE;DSM KONINKLIJKE;KONINKLIJKE DSM;NL0000009827;E 
139510;Y;UT;NA;NETHERLANDS;NA;E;NL;DUCATUS DEAD - 15/12/09;DUCATUS DEAD - 15/12/09;DUCATUS;NL0000285823;E 
892007;Y;EQ;P;NETHERLANDS;NETHERLANDS;E;NL;EASY2PAY;EASY2PAY;EASE2PAY NV;NL0000345627;E 
932806;Y;EQ;P;NETHERLANDS;NETHERLANDS;E;NL;ECONOSTO KON. DEAD - 07/07/08;ECONOSTO KONINKLIJKE DEAD - 07/07/08;KONINKLIJKE ECONOSTO NV;NL0000349033;E 
29747X;Y;GDR;P;RUSSIAN FEDERATION;UNITED KINGDOM;U$;US;EFES BREWERIES INTL.GDR REG S;EFES BREWERIES INTERNATIONAL GDR REG S;EFES BREWERIES INTERNATIONAL;US26843E2046;U$
923921;Y;EQ;P;NETHERLANDS;NETHERLANDS;E;NL;EMBA DEAD - 08/10/07;EMBA DEAD - 08/10/07;EMBA NV;NL0000349876;E 
730983;Y;EQ;P;NETHERLANDS;NETHERLANDS;E;NL;EMIS EURO.MARKETING INFO.;EMIS EUROPEENNE MARKETING INFORMATION;EMIS EUROMARKETING INFORMATION;NL0000440444;E 
32363V;Y;EQ;P;NETHERLANDS;NETHERLANDS;E;NL;ENDEMOL DEAD - 12/09/07;ENDEMOL DEAD - 12/09/07;ENDEMOL;NL0000345692;E 
882428;Y;EQ;P;NETHERLANDS;NETHERLANDS;E;NL;ENDEMOL ENTERTAINMENT DEAD - DEL. 08/09/00;ENDEMOL ENTERTAINMENT DEAD - DELAWARE 08/09/00;ENDEMOL ENTERTAINMENT;NL0000345676;E 
685172;Y;EQ;P;NETHERLANDS;NETHERLANDS;E;NL;ENVIPCO HOLDING;ENVIPCO HOLDING;ENVIPCO HOLDING NV;NL0015000GX8;E 
685133;Y;EQ;S;FRANCE;FRANCE;E;NL;EQUANT (PAR) DEAD - MERGED 885569;EQUANT (PAR) DEAD - MERGED 885569;EQUANT NV;NL0000200889;E 
923871;Y;EQ;P;NETHERLANDS;NETHERLANDS;E;NL;ERIKS DEAD - 28/09/09;ERIKS DEAD - 28/09/09;ERIKS NV;NL0000350387;E 
50565Q;Y;EQ;P;UNITED STATES;UNITED STATES;U$;NL;EURAND NV DEAD - DELIST.02/03/11;EURAND NV DEAD - DELIST.02/03/11;EURAND NV;NL0000886448;U$
307406;Y;EQ;P;NETHERLANDS;NETHERLANDS;E;NL;EUROCOMMERCIAL PROPERTIES;EUROCOMMERCIAL PROPERTIES;EUROCOMMERCIAL DUTCH NV;NL0015000K93;E 
259413;Y;EQ;P;FRANCE;FRANCE;E;NL;EURONEXT DEAD - 21/05/08;EURONEXT DEAD - 21/05/08;EURONEXT NV;NL0000290641;E 
966929;Y;INVT;P;UNITED KINGDOM;UNITED KINGDOM;£;GB;EUROPEAN ASSETS TRUST;EUROPEAN ASSETS TRUST;EUROPEAN ASSETS TRUST PUBLIC LIMITED COMPANY;GB00BHJVQ590;£ 
2561TF;Y;EQ;P;NETHERLANDS;NETHERLANDS;E;NL;EUROPEAN FINTECH IPO 1;EUROPEAN FINTECH IPO 1;EUROPEAN FINTECH IPO COMPANY 1 BV;NL00150006Z9;E 
143364;Y;EQ;P;NETHERLANDS;NETHERLANDS;E;NL;EVC INTERNATIONAL DEAD - 23/10/06;EVC INTERNATIONAL DEAD - 23/10/06;EVC INTERNATIONAL NV;NL0000350452;E 
698444;Y;EQ;P;NETHERLANDS;NETHERLANDS;E;NL;EXACT HOLDING DEAD - 31/03/15;EXACT HOLDING DEAD - 31/03/15;EXACT HOLDING NV;NL0000350361;E 
41389R;Y;EQ;P;NORWAY;NORWAY;NK;NL;FAIRSTAR HEAVY TRAN. DEAD - DEAD;FAIRSTAR HEAVY TRANSPORT DEAD - DEAD;FAIRSTAR HEAVY TRANSPORT NV;NL0000026292;NK
9450K3;Y;EQ;P;NETHERLANDS;NETHERLANDS;E;NL;FASTNED DUTCH CERTIFICATES;FASTNED DUTCH CERTIFICATES;FASTNED BV;NL0013654809;E 
504510;Y;EQ;P;NETHERLANDS;NETHERLANDS;FL;NL;FLEXOVIT INTL. DEAD - DELIST 02/10/98;FLEXOVIT INTERNATIONAL DEAD - DELIST 02/10/98;FLEXOVIT INTERNATIONAL;NL0000350544;FL
9749G6;Y;EQ;P;NETHERLANDS;NETHERLANDS;E;NL;FLOW TRADERS;FLOW TRADERS;FLOW TRADERS;NL0011279492;E 
755183;Y;EQ;P;NETHERLANDS;BELGIUM;E;BE;FNG SUSP - SUSP.11/05/20;FNG SUSP - SUSPENDED 11/05/20;FNG NV;BE0974332646;E 
930153;Y;EQ;P;NETHERLANDS;NETHERLANDS;FL;NL;FOKKER CERT. DEAD - DELIST 05/03/98;FOKKER CERTIFICATE DEAD - DELIST 05/03/98;FOKKER PTO;NL0000352094;FL
7418LH;Y;EQ;P;NETHERLANDS;NETHERLANDS;E;NL;FORFARMERS;FORFARMERS;FORFARMERS;NL0011832811;E 
27959T;Y;EQ;P;NETHERLANDS;NETHERLANDS;E;NL;FORTIS (NL) NV DEAD - DELIST;FORTIS (NL) NV DEAD - DELIST;FORTIS (NL) NV;NL0000300838;E 
508214;Y;UT;NA;NETHERLANDS;NA;E;NL;FORTIS AZIE FON.;FORTIS AZIE FONDS;FORTIS AZIE FONDS;NL0000282630;E 
740860;Y;UT;NA;NETHERLANDS;NA;E;NL;FORTIS EU.SMALLCAP FD.;FORTIS EUROPE SMALLCAP FUND;FORTIS EUROPE SMALLCAP FUND;NL0000282622;E 
508487;Y;UT;NA;NETHERLANDS;NA;E;NL;FORTIS WERELD MIX FONDS;FORTIS WERELD MIX FONDS;FORTIS WERELD MIX FONDS;NL0000285864;E 
72483D;Y;EQ;P;NETHERLANDS;CZECH REPUBLIC;CK;NL;FORTUNA ENTM.GROUP DEAD - DELIST.11/06/18;FORTUNA ENTERTAINMENT GROUP DEAD - DELIST.11/06/18;FORTUNA ENTERTAINMENT GROUP NV;NL0009604859;CK
755256;Y;EQ;P;NETHERLANDS;NETHERLANDS;E;NL;FRANS MAAS GROEP KON. DEAD - 26/04/06;FRANS MAAS GROEP KONINKLIJKE DEAD - 26/04/06;FRANS MAAS GROEP KONINKLIJKE;NL0000366649;E 
505082;Y;EQ;P;NETHERLANDS;NETHERLANDS;E;NL;FREE RECORD SHOP DEAD - DELIST 11/03/02;FREE RECORD SHOP DEAD - DELIST 11/03/02;FREE RECORD SHOP;NL0000441202;E 
50978K;Y;EQ;P;NETHERLANDS;NETHERLANDS;E;N/A;FUEL TECH;FUEL TECH;FUEL TECH;NA;E 
307521;Y;EQ;P;NETHERLANDS;NETHERLANDS;E;NL;FUGRO;FUGRO;FUGRO C DUTCH CERT NV;NL00150003E1;E 
32532F;Y;EQ;P;NORWAY;NORWAY;NK;NO;FUNCOM DEAD - DELIST.23/07/20;FUNCOM DEAD - DELIST.23/07/20;FUNCOM SE;NO0010887029;NK
932811;Y;EQ;P;NETHERLANDS;NETHERLANDS;FL;NL;FURNESS;FURNESS;FURNESS;NL0000352458;FL
29498E;Y;EQ;P;ISRAEL;ISRAEL;I£;NL;G T C DEAD - 16/12/08;G T C DEAD - 16/12/08;G T C REAL ESTATE NV;NL0000414480;I£
929306;Y;EQ;P;NETHERLANDS;NETHERLANDS;E;NL;GAMMA HOLDING DEAD - 29/04/11;GAMMA HOLDING DEAD - 29/04/11;GAMMA HOLDING NV;NL0000355824;E 
741332;Y;EQ;P;NETHERLANDS;NETHERLANDS;E;NL;GELDERSE PAPIERGROEP DEAD - DEL. 08/09/00;GELDERSE PAPIERGROEP DEAD - DELAWARE 08/09/00;GELDERSE PAPIERGROEP;NL0000440394;E 
28985C;Y;EQ;P;NETHERLANDS;NETHERLANDS;E;NL;GEMALTO DEAD - DELIST.29/05/19;GEMALTO DEAD - DELIST.29/05/19;GEMALTO HOLDING BV;NL0000400653;E 
888804;Y;EQ;P;NETHERLANDS;NETHERLANDS;E;NL;GEOJUNXION;GEOJUNXION;GEOJUNXION NV;NL0000430106;E 
929460;Y;EQ;P;NETHERLANDS;NETHERLANDS;E;NL;GETRONICS DEAD - 12/12/07;GETRONICS DEAD - 12/12/07;GETRONICS NV;NL0000853091;E 
701895;Y;EQ;P;NETHERLANDS;NETHERLANDS;E;NL;GEVEKE DEAD - DEAD 26/02/03;GEVEKE DEAD - DEAD 26/02/03;GEVEKE NV;NL0000356004;E 
932818;Y;EQ;P;NETHERLANDS;NETHERLANDS;FL;NL;GIESSEN-DE NOORD DEAD - T/O 916775;GIESSEN-DE NOORD DEAD - T/O 916775;GIESSEN-DE NOORD PTO;NL0000354058;FL
772837;Y;UT;NA;NETHERLANDS;NA;E;NL;GILISSEN QUALITY GROWTH DEAD;GILISSEN QUALITY GROWTH DEAD;GILISSEN QUALITY GROWTH;NL0000285625;E 
916417;Y;EQ;P;NETHERLANDS;NETHERLANDS;FL;NL;GIST-BROCADES CERT. DEAD - DELIST.27/08/98;GIST-BROCADES CERTIFICATE DEAD - DELIST.27/08/98;KONINKLIJKE GIST-BROCADES PTO;NL0000354298;FL
41471H;Y;EQ;P;NETHERLANDS;POLAND;PZ;NL;GLOBAL CITY HOLDINGS DEAD - 29/09/15;GLOBAL CITY HOLDINGS DEAD - 29/09/15;GLOBAL CITY HOLDINGS SA;NL0000687309;PZ
745099;Y;EQ;P;NETHERLANDS;NETHERLANDS;E;NL;GOUDA VUURVAST HOLDING DEAD - T/O 316461;GOUDA VUURVAST HOLDING DEAD - T/O 316461;GOUDA VUURVAST HOLDING NV;NL0000440667;E 
9310FD;Y;EQ;P;NETHERLANDS;NETHERLANDS;E;NL;GRANDVISION;GRANDVISION;GRANDVISION;NL0010937066;E 
681210;Y;EQ;S;HUNGARY;GERMANY;E;HU;GRAPHISOFT (FRA) DEAD - 15/06/07;GRAPHISOFT (FRA) DEAD - 15/06/07;GRAPHISOFT RT;HU0000080767;E 
932821;Y;EQ;P;NETHERLANDS;NETHERLANDS;FL;N/A;GRASSO TAKEOVER 31/01/92;GRASSO TAKEOVER 31/01/92;GRASSO;NA;FL
772367;Y;EQ;P;NETHERLANDS;NETHERLANDS;E;N/A;GROENENDIJK BEHEER CERT.;GROENENDIJK BEHEER CERTIFICATE;GROENENDIJK BEHEER CERTIFICATE;NA;E 
946398;Y;EQ;P;NETHERLANDS;NETHERLANDS;E;NL;GROLSCH (KON.) DEAD - TAKEOVER;GROLSCH (KONINKLIJKE) DEAD - TAKEOVER;KONINKLIJKE GROLSCH NV;NL0000354793;E 
998414;Y;EQ;P;NETHERLANDS;NETHERLANDS;E;NL;GRONTMIJ DEAD - 19/11/15;GRONTMIJ DEAD - 19/11/15;GRONTMIJ NV;NL0010200358;E 
702362;Y;EQ;P;NETHERLANDS;NETHERLANDS;E;NL;GROOTHANDEL C DUTCH CERT.;GROOTHANDEL C DUTCH CERTIFICATE;GROOTHANDEL C DUTCH NV;NL0000440824;E 
27507R;Y;EQ;P;NETHERLANDS;NETHERLANDS;E;N/A;GROOTINT HOLDING BV DEAD - DEAD;GROOTINT HOLDING BV DEAD - DEAD;GROOTINT HOLDING BV;NA;E 
933607;Y;EQ;S;NETHERLANDS;NETHERLANDS;E;NL;GTI HOLDING DEAD - DELIST 26/10/01;GTI HOLDING DEAD - DELIST 26/10/01;NV GTI HOLDINGS;NL0000356376;E 
303454;N;EQ;P;NETHERLANDS;NETHERLANDS;E;NL;GUCCI GROUP DEAD - T/O BY 923657;GUCCI GROUP DEAD - T/O BY 923657;GUCCI GROUP INCORPORATED;NL0000359552;E 
929307;Y;EQ;P;NETHERLANDS;NETHERLANDS;E;NL;HAGEMEYER DEAD - T/O BY 316461;HAGEMEYER DEAD - T/O BY 316461;HAGEMEYER NV;NL0000355477;E 
951784;Y;EQ;P;NETHERLANDS;NETHERLANDS;E;BM;HAL TRUST;HAL TRUST;HAL TRUST NV;BMG455841020;E 
698848;Y;EQ;P;NETHERLANDS;NETHERLANDS;E;NL;HASLEMERE DEAD - DELIST 08/12/04;HASLEMERE DEAD - DELIST 08/12/04;HASLEMERE NV;NL0000289338;E 
741593;Y;EQ;P;NETHERLANDS;NETHERLANDS;FL;NL;HCS TECHNOLOGY;HCS TECHNOLOGY;HCS TECHNOLOGY;NL0000358018;FL
265547;Y;EQ;P;AUSTRIA;AUSTRIA;E;NL;HEAD NV DEAD - 01/04/15;HEAD NV DEAD - 01/04/15;HEAD NV;NL0000238301;E 
309341;Y;EQ;P;NETHERLANDS;NETHERLANDS;E;NL;HEIJMANS;HEIJMANS;HEIJMANS NV;NL0009269109;E 
905001;Y;EQ;P;NETHERLANDS;NETHERLANDS;E;NL;HEINEKEN;HEINEKEN;HEINEKEN NV;NL0000009165;E 
929708;Y;EQ;P;NETHERLANDS;NETHERLANDS;E;NL;HEINEKEN HOLDING;HEINEKEN HOLDING;HEINEKEN HOLDING PUBLIC LIMITED COMPANY;NL0000008977;E 
505408;Y;EQ;P;NETHERLANDS;NETHERLANDS;E;NL;HELVOET HLDG. DEAD - DELIST 17/05/02;HELVOET HOLDING DEAD - DELIST 17/05/02;HELVOET HOLDING;NL0000440345;E 
929956;Y;EQ;P;NETHERLANDS;NETHERLANDS;E;NL;HES - BEHEER DEAD - 03/11/14;HES - BEHEER DEAD - 03/11/14;HES - BEHEER NV;NL0000358125;E 
932837;Y;EQ;P;NETHERLANDS;NETHERLANDS;E;NL;HIM FURNESS DEAD - DELIST 12/05/00;HIM FURNESS DEAD - DELIST 12/05/00;HIM FURNESS;NL0000358919;E 
681292;Y;EQ;P;NETHERLANDS;NETHERLANDS;E;NL;HITT NM DEAD - 15/11/12;HITT NM DEAD - 15/11/12;HITT NM NV;NL0000358158;E 
932824;Y;EQ;P;NETHERLANDS;NETHERLANDS;E;NL;HOEK'S MACHINE DEAD - DELIST.27/06/00;HOEK'S MACHINE DEAD - DELIST.27/06/00;HOEK'S MACHINE PTO;NL0000358232;E 
923990;Y;EQ;P;NETHERLANDS;NETHERLANDS;FL;NL;HOLEC;HOLEC;HOLEC;NL0000358372;FL
896531;Y;EQ;P;NETHERLANDS;NETHERLANDS;E;NL;HOLLAND CHEMICAL INTL. DEAD - DELIST 24/11/00;HOLLAND CHEMICAL INTERNATIONAL DEAD - DELIST 24/11/00;HOLLAND CHEMICAL INTERNATIONAL;NL0000358943;E 
504918;Y;EQ;P;NETHERLANDS;NETHERLANDS;E;NL;HOLLAND COLOURS;HOLLAND COLOURS;HOLLAND COLOURS NV;NL0000440311;E 
916817;Y;UT;P;NETHERLANDS;NA;E;NL;HOLLAND FUND DEAD - Merged:307278;HOLLAND FUND DEAD - Merged:307278;HOLLAND FUND;NL0000286920;E 
929781;Y;EQ;P;NETHERLANDS;NETHERLANDS;FL;NL;HOLLAND SEA SEARCH DEAD - DELIST.05/01/96;HOLLAND SEA SEARCH DEAD - DELIST.05/01/96;HOLLAND SEA SEARCH;NL0000358471;FL
912395;Y;EQ;P;NETHERLANDS;NETHERLANDS;E;NL;HOLLANDSCHE BETON GROEP DEAD - DELIST 23/05/02;HOLLANDSCHE BETON GROEP DEAD - DELIST 23/05/02;HOLLANDSCHE BETON GROEP NV;NL0000359024;E 
922836;N;EQ;P;NETHERLANDS;NETHERLANDS;E;NL;HOOGOVENS DEAD - T/O BY 953191;HOOGOVENS DEAD - T/O BY 953191;KONINKLIJKE HOOGOVENS NV;NL0000009231;E 
933240;Y;EQ;P;NETHERLANDS;NETHERLANDS;E;AN;HUNTER DOUGLAS;HUNTER DOUGLAS;HUNTER DOUGLAS;ANN4327C1220;E 
896676;Y;EQ;P;NETHERLANDS;NETHERLANDS;E;NL;HYDRATEC INDUSTRIES;HYDRATEC INDUSTRIES;HYDRATEC INDUSTRIES NV;NL0009391242;E 
897830;Y;EQ;P;NETHERLANDS;NETHERLANDS;E;NL;ICT GROUP DEAD - DELIST.06/09/21;ICT GROUP DEAD - DELIST.06/09/21;ICT GROUP NV;NL0000359537;E 
884290;Y;EQ;P;UNITED STATES;UNITED STATES;U$;NL;ICTS INTERNATIONAL NV;ICTS INTERNATIONAL NV;ICTS INTERNATIONAL NV;NL0000226892;U$
998418;Y;EQ;P;NETHERLANDS;NETHERLANDS;E;NL;IEX GROUP;IEX GROUP;IEX GROUP;NL0010556726;E 
287933;Y;EQ;S;NETHERLANDS;GERMANY;E;NL;IFCO SYSTEMS DEAD - 17/10/11;IFCO SYSTEMS DEAD - 17/10/11;IFCO SYSTEMS;NL0000268456;E 
93832N;Y;EQ;P;SWITZERLAND;SWITZERLAND;SF;NL;IGEA PHARMA N;IGEA PHARMA N;IGEA PHARMA NV;NL0012768675;SF
8916Y6;Y;EQ;P;NETHERLANDS;NETHERLANDS;E;NL;IMCD GROUP;IMCD GROUP;IMCD GROUP;NL0010801007;E 
870979;Y;EQ;S;UNITED STATES;GERMANY;E;NL;INDIGO NV (FRA) DEAD - DELIST.12/04/02;INDIGO NV (FRA) DEAD - DELIST.12/04/02;INDIGO NV;NL0000224988;E 
531865;Y;EQ;P;NETHERLANDS;NETHERLANDS;E;NL;ING GROEP;ING GROEP;ING GROEP;NL0011821202;E 
679334;Y;EQ;P;NETHERLANDS;NETHERLANDS;E;NL;INNOCONCEPTS NM DEAD - 01/11/11;INNOCONCEPTS NM DEAD - 01/11/11;INNOCONCEPTS NM NV;NL0000361145;E 
9930PZ;Y;EQ;P;NETHERLANDS;NETHERLANDS;E;LU;INPOST;INPOST;INPOST SA;LU2290522684;E 
982015;Y;UT;P;NETHERLANDS;NA;E;NL;INSINGER DE BEAUFORT MLT.MANAGER INTL.EQ.;INSINGER DE BEAUFORT MULTI MANAGER INTERNATIONAL EQUITY;INSINGER DE BEAUFORT;NL0000284883;E 
673253;Y;EQ;P;NETHERLANDS;BELGIUM;E;NL;INTERNOC HOLDING (BRU) DEAD - 07/11/01;INTERNOC HOLDING (BRU) DEAD - 07/11/01;INTERNOC HOLDING;NL0000361632;E 
8664Y4;Y;EQ;P;NETHERLANDS;NETHERLANDS;E;NL;INTERTRUST;INTERTRUST;INTERTRUST GROUP HOLDING;NL0010937058;E 
74525R;Y;EQ;P;UNITED STATES;UNITED STATES;U$;NL;INTERXION HOLDING DEAD - DELIST.13/03/20;INTERXION HOLDING DEAD - DELIST.13/03/20;INTERXION HOLDING NV;NL0009693779;U$
26698U;Y;EQ;S;SWITZERLAND;NETHERLANDS;E;CH;ISOTIS NEW (AMS) DEAD - 30/07/07;ISOTIS NEW (AMS) DEAD - 30/07/07;ISOTIS SA;CH0012572522;E 
916371;Y;EQ;P;AUSTRALIA;AUSTRALIA;A$;AU;JAMES HARDIE INDS.CDI.;JAMES HARDIE INDUSTRIES CHESS DEPOSITARY INTEREST;JAMES HARDIE INDUSTRIES PUBLIC LIMITED COMPANY;AU000000JHX1;A$
9746L8;Y;EQ;P;NETHERLANDS;NETHERLANDS;E;NL;JDE PEET S;JDE PEET S;JDE PEETS NV;NL0014332678;E 
278304;Y;EQ;P;NETHERLANDS;NETHERLANDS;E;NL;JETIX EUROPE DEAD - 27/02/09;JETIX EUROPE DEAD - 27/02/09;JETIX EUROPE NV;NL0000352524;E 
289082;Y;EQ;P;NETHERLANDS;SWITZERLAND;SF;NL;JOMED (SWX) DEAD - DELIST 30/09/03;JOMED (SWX) DEAD - DELIST 30/09/03;JOMED NV;NL0000233617;SF
290206;Y;EQ;P;GERMANY;GERMANY;E;NL;JUBII EUROPE DEAD - DELIST.05/07/21;JUBII EUROPE DEAD - DELIST.05/07/21;JUBII EUROPE N V;NL0000233195;E 
2600CP;Y;EQ;P;NETHERLANDS;NETHERLANDS;E;NL;JUST EAT TAKEAWAY.COM;JUST EAT TAKEAWAY.COM;JUST EAT TAKEAWAY COM NV;NL0012015705;E 
27267R;Y;EQ;S;NETHERLANDS;NETHERLANDS;E;NL;KARDAN N V -L (AMS) DEAD - DELIST.31/08/20;KARDAN N V -L (AMS) DEAD - DELIST.31/08/20;KARDAN N V;NL0000113652;E 
741048;Y;EQ;P;NETHERLANDS;NETHERLANDS;E;NL;KAS BANK DEAD - DELIST.05/11/19;KAS BANK DEAD - DELIST.05/11/19;KAS BANK C DUTCH CERT NV;NL0000362648;E 
51420U;Y;EQ;P;NETHERLANDS;UNITED KINGDOM;£;NL;KDD GROUP (DI) DEAD - 03/10/12;KDD GROUP (DI) DEAD - 03/10/12;KDD GROUP NV;NL0006146185;£ 
944573;Y;EQ;P;NETHERLANDS;NETHERLANDS;E;NL;KEMPEN & CO DEAD - DLEIST 03/09/01;KEMPEN & CO DEAD - DLEIST 03/09/01;KEMPEN & CO NV;NL0000363323;E 
533120;Y;UT;NA;NETHERLANDS;NA;E;NL;KEMPEN GLOBAL BOND FUND MERGED SEE 758264;KEMPEN GLOBAL BOND FUND MERGED SEE 758264;KEMPEN GLOBAL BOND FUND;NL0006311623;E 
932895;Y;EQ;P;NETHERLANDS;NETHERLANDS;E;NL;KENDRION;KENDRION;KENDRION NV;NL0000852531;E 
96622V;Y;EQ;P;NETHERLANDS;NETHERLANDS;E;NL;KIADIS DEAD - DELIST.25/05/21;KIADIS DEAD - DELIST.25/05/21;KIADIS;NL0011323407;E 
36122M;Y;EQ;P;GERMANY;GERMANY;E;NL;KIDS BRANDS HOUSE;KIDS BRANDS HOUSE;KIDS BRANDS HOUSE AG;NL0010273975;E 
32470H;Y;EQ;P;UNITED KINGDOM;UNITED KINGDOM;£;NL;KIMBERLY ENTERPRISES (LON);KIMBERLY ENTERPRISES (LON);KIMBERLY ENTERPRISES NV;NL0000051043;£ 
9911W0;Y;EQ;P;NORWAY;NORWAY;NK;NL;KINGFISH COMPANY;KINGFISH COMPANY;KINGFISH COMPANY NV;NL00150001S5;NK
932836;Y;EQ;P;NETHERLANDS;NETHERLANDS;E;NL;KLENE HLDG. DEAD - T/O BY 998416;KLENE HOLDING DEAD - T/O BY 998416;KLENE HOLDING;NL0000364222;E 
912520;N;EQ;S;NETHERLANDS;NETHERLANDS;E;NL;KLM (AMS) DEAD - DELIST 14/06/04;KLM (AMS) DEAD - DELIST 14/06/04;KLM ROYAL DUTCH AIRLINES;NL0000009645;E 
932864;Y;EQ;P;NETHERLANDS;NETHERLANDS;E;NL;KNSF DEAD - DELIST.01/06/01;KNSF DEAD - DELIST.01/06/01;KNSF;NL0000373462;E 
932828;Y;EQ;P;NETHERLANDS;NETHERLANDS;FL;NL;KONDOR WESSELS GROEP DEAD - MERGER 952355;KONDOR WESSELS GROEP DEAD - MERGER 952355;KONDOR WESSELS GROEP NV;NL0000364636;FL
916642;Y;EQ;P;NETHERLANDS;NETHERLANDS;E;NL;KONINKLIJKE AHOLD DELHAIZE;KONINKLIJKE AHOLD DELHAIZE;KONINKLIJKE AHOLD DELHAIZE NV;NL0011794037;E 
899432;Y;EQ;P;NETHERLANDS;NETHERLANDS;E;NL;KONINKLIJKE BRILL DUTCH CERTIFICATES;KONINKLIJKE BRILL DUTCH CERTIFICATES;KONINKLIJKE BRILL NV;NL0000442523;E 
27189Q;Y;EQ;P;UNITED KINGDOM;UNITED KINGDOM;£;N/A;KONINKLIJKE COOPERATIE C OSUN U A;KONINKLIJKE COOPERATIE C OSUN U A;KONINKLIJKE COOPERATIE C;NA;£ 
30165N;Y;EQ;P;NETHERLANDS;NETHERLANDS;E;N/A;KONINKLIJKE NEDLLOYD NV;KONINKLIJKE NEDLLOYD NV;KONINKLIJKE NEDLLOYD NV;NA;E 
278066;Y;EQ;P;NETHERLANDS;NETHERLANDS;E;NL;KONINKLIJKE VOPAK;KONINKLIJKE VOPAK;KONINKLIJKE VOPAK NV;NL0009432491;E 
142440;Y;EQ;P;NETHERLANDS;NETHERLANDS;E;NL;KPN KON;KPN KON;KONINKLIJKE KPN NV;NL0000009082;E 
275883;Y;EQ;P;NETHERLANDS;NETHERLANDS;E;NL;KPN QWEST 'C' DEAD - 16/04/10;KPN QWEST 'C' DEAD - 16/04/10;KPNQWEST NON VOTING;NL0000364925;E 
932842;Y;EQ;P;NETHERLANDS;NETHERLANDS;E;NL;KRASNAPOLSKY GRAND HOTEL DEAD - TAKEOVR 27/9/00;KRASNAPOLSKY GRAND HOTEL DEAD - TAKEOVR 27/9/00;KRASNAPOLSKY GRAND HOTEL;NL0000365641;E 
690346;Y;EQ;P;NETHERLANDS;NETHERLANDS;E;NL;KSI INTL. NM DEAD - DELIST 15/10/01;KSI INTERNATIONAL NM DEAD - DELIST 15/10/01;KSI INTERNATIONAL NM;NL0000365906;E 
755381;Y;EQ;P;NETHERLANDS;NETHERLANDS;E;NL;KUHNE & HEITZ DEAD - 11/05/05;KUHNE & HEITZ DEAD - 11/05/05;KUHNE & HEITZ NV;NL0000441343;E 
679312;Y;EQ;P;NETHERLANDS;NETHERLANDS;E;NL;LANDIS GROUP DEAD - DEAD;LANDIS GROUP DEAD - DEAD;LANDIS GROUP;NL0000366011;E 
932846;Y;EQ;P;NETHERLANDS;NETHERLANDS;E;NL;LANDRE & MERREM DEAD - T/OVER 701595;LANDRE & MERREM DEAD - T/OVER 701595;LANDRE & MERREM;NL0000366367;E 
690103;Y;EQ;P;NETHERLANDS;NETHERLANDS;E;NL;LAVIDE HOLDING;LAVIDE HOLDING;LAVIDE HOLDING NV;NL0010545679;E 
772818;Y;EQ;P;NETHERLANDS;NETHERLANDS;E;NL;LCI TECHNOLOGY GROUP DEAD - DEAD;LCI TECHNOLOGY GROUP DEAD - DEAD;LCI TECHNOLOGY GROUP;NL0000441335;E 
923112;Y;UT;P;IRELAND;NA;U$;IE;LEVERAGED CAPITAL HOLDINGS FUND A USD;LEVERAGED CAPITAL HOLDINGS FUND A USD;LEVERAGED CAPITAL;IE00BN575V26;U$
30461E;Y;EQ;P;SINGAPORE;SINGAPORE;S$;AN;LMA INTERNATIONAL NV. DEAD - DELIST.14/11/12;LMA INTERNATIONAL NON VOTING DEAD - DELIST.14/11/12;LMA INTERNATIONAL NON VOTING;ANN2879J1070;S$
9293V3;Y;EQ;P;NETHERLANDS;NETHERLANDS;E;NL;LUCASBOLS;LUCASBOLS;LUCASBOLS;NL0010998878;E 
69264X;Y;EQ;P;UNITED STATES;UNITED STATES;U$;NL;LYONDELLBASELL INDS.CL.A;LYONDELLBASELL INDUSTRIES CLASS A;LYONDELLBASELL INDUSTRIES NV;NL0009434992;U$
932850;Y;EQ;P;NETHERLANDS;NETHERLANDS;E;NL;MACINTOSH RETAIL DEAD - 02/01/17;MACINTOSH RETAIL DEAD - 02/01/17;MACINTOSH RETAIL GROUP NV;NL0000367993;E 
932904;Y;EQ;P;NETHERLANDS;NETHERLANDS;E;NL;MAVERIX CAPITAL DEAD - 15/07/02;MAVERIX CAPITAL DEAD - 15/07/02;MAVERIX CAPITAL;NL0000388304;E 
933017;Y;EQ;P;NETHERLANDS;NETHERLANDS;E;NL;MAXWELL PTL. DEAD - DEAD 20/12/02;MAXWELL PETROLEUM DEAD - DEAD 20/12/02;MAXWELL PETROLEUM HOLDINGS;NL0000403731;E 
296418;Y;EQ;P;GERMANY;GERMANY;E;NL;MCC GLOBAL NV DEAD - 16/08/10;MCC GLOBAL NV DEAD - 16/08/10;MCC GLOBAL NV;NL0000687705;E 
697850;Y;EQ;P;NETHERLANDS;NETHERLANDS;E;NL;MCGREGOR FASHION GROUP DEAD - 27/04/06;MCGREGOR FASHION GROUP DEAD - 27/04/06;MCGREGOR FASHION GROUP NV;NL0000368124;E 
945329;Y;EQ;P;NETHERLANDS;NETHERLANDS;FL;NL;MEDICOPHARMA DEAD - DELIST.28/08/92;MEDICOPHARMA DEAD - DELIST.28/08/92;MEDICOPHARMA;NL0000368298;FL
308273;Y;EQ;P;NETHERLANDS;NETHERLANDS;E;NL;MEDIQ DEAD - 13/03/13;MEDIQ DEAD - 13/03/13;MEDIQ NV;NL0009103530;E 
932748;Y;EQ;P;NETHERLANDS;NETHERLANDS;E;NL;MENDES GANS DEAD - T/O BY 531865;MENDES GANS DEAD - T/O BY 531865;MENDES GANS NV;NL0000368439;E 
929315;Y;EQ;P;NETHERLANDS;NETHERLANDS;FL;NL;MENEBA;MENEBA;MENEBA;NL0000368637;FL
676866;Y;EQ;S;NETHERLANDS;UNITED STATES;E;N/A;META4 NV (EAS) DEAD - 28/11/03;META4 NV (EAS) DEAD - 28/11/03;META4 NV;NA;E 
72888J;Y;EQ;P;POLAND;POLAND;PZ;NL;MILKILAND;MILKILAND;MILKILAND NV;NL0009508712;PZ
698258;Y;EQ;P;NETHERLANDS;NETHERLANDS;E;NL;MKB NEDSENSE;MKB NEDSENSE;MKB NEDSENSE NV;NL0009312842;E 
929156;N;EQ;P;NETHERLANDS;NETHERLANDS;E;NL;MOEARA ENIM PTL. DEAD - DEAD AUG 03';MOEARA ENIM PETROLEUM DEAD - DEAD AUG 03';MOEARA ENIM PETROLEUM MAATSCHAPPIJ;NL0000403897;E 
999423;Y;EQ;P;NETHERLANDS;NETHERLANDS;E;CW;MOREFIELD GROUP;MOREFIELD GROUP;MOREFIELD GROUP;CWN814651014;E 
930540;Y;EQ;P;NETHERLANDS;NETHERLANDS;FL;NL;NAARDEN;NAARDEN;NAARDEN;NL0000370856;FL
932856;Y;EQ;P;NETHERLANDS;NETHERLANDS;E;NL;NAEFF DEAD - DEAD 12/01/04;NAEFF DEAD - DEAD 12/01/04;NAEFF NV;NL0000371011;E 
932857;Y;EQ;P;NETHERLANDS;NETHERLANDS;E;NL;NAGRON DEAD - DEAD 15/07/02;NAGRON DEAD - DEAD 15/07/02;NAGRON NATIONAL GROND;NL0000371110;E 
36186W;Y;EQ;P;NETHERLANDS;UNITED KINGDOM;£;NL;NANETTE REAL ESTATE GP. DEAD - 25/09/09;NANETTE REAL ESTATE GROUP DEAD - 25/09/09;NANETTE REAL ESTATE GROUP NV;NL0000685246;£ 
741917;N;EQ;P;NETHERLANDS;NETHERLANDS;E;NL;NAT.INVESTGBK. 'A' DEAD - DELIST 30/07/99;NATIONAL INVESTERINGSBANK 'A' DEAD - DELIST 30/07/99;NATIONAL INVESTERINGSBANK;NL0000303121;E 
902177;Y;EQ;P;NETHERLANDS;NETHERLANDS;FL;NL;NAT.NEDERLANDEN;NATIONAL NEDERLANDEN;NATIONAL NEDERLANDEN;NL0000303170;FL
31262J;Y;EQ;P;GERMANY;GERMANY;E;NL;NAVSTONE (MUN);NAVSTONE (MUN);NAVSTONE SE;NL0009538008;E 
68123L;Y;INVT;P;CHANNEL ISLANDS;UNITED KINGDOM;£;GG;NB PRIVATE EQUITY;NB PRIVATE EQUITY;NB PRIVATE EQUITY PARTNERS LIMITED;GG00B1ZBD492;£ 
932859;Y;EQ;P;NETHERLANDS;NETHERLANDS;E;NL;NEDAP;NEDAP;NEDAP NV;NL0000371243;E 
505486;Y;EQ;P;NETHERLANDS;NETHERLANDS;E;NL;NEDCON CERT DEAD - DELIST 26/10/04;NEDCON CERT DEAD - DELIST 26/10/04;NEDCON GROEP NV;NL0000440360;E 
936534;Y;INVT;P;NETHERLANDS;NETHERLANDS;E;NL;NED.ELEVATOR DEAD - SEE 697972;NEDERLANDS ELEVATOR DEAD - SEE 697972;NEDERLANDS ELEVATOR;NL0000440402;E 
27507V;Y;EQ;P;NETHERLANDS;NETHERLANDS;E;N/A;NEDERLANDSCHE MIDDENSTANDSBANK NV;NEDERLANDSCHE MIDDENSTANDSBANK NV;NEDERLANDSCHE;NA;E 
86966F;Y;CF;P;NETHERLANDS;NETHERLANDS;E;NL;NEDSE. BELEGGINGSMAATSCHAPPIJ;NEDERLANDSE BELEGGINGSMAATSCHAPPIJ;NBZ CF;NL0010228730;E 
27507X;Y;EQ;P;NETHERLANDS;NETHERLANDS;E;N/A;NEDERLANDSE CREDIETBANK NV;NEDERLANDSE CREDIETBANK NV;NEDERLANDSE CREDIETBANK;NA;E 
9934QW;Y;EQ;P;NETHERLANDS;UNITED KINGDOM;£;N/A;NEDERLANDSE FINANCIERING ONTWIKKELINGSLADEN;NEDERLANDSE FINANCIERING ONTWIKKELINGSLADEN;NEDERLANDSE FINANCIERING;NA;£ 
916698;Y;EQ;P;NETHERLANDS;NETHERLANDS;E;NL;NEDFIELD DEAD - 01/07/10;NEDFIELD DEAD - 01/07/10;NEDFIELD;NL0006327322;E 
679064;Y;EQ;P;NETHERLANDS;NETHERLANDS;E;NL;NEDGRAPHICS HOLDING NM DEAD - MERG 698258;NEDGRAPHICS HOLDING NM DEAD - MERG 698258;NEDGRAPHICS HOLDING NM;NL0000371375;E 
756832;Y;EQ;P;NETHERLANDS;NETHERLANDS;E;NL;NEDSCHROEF HOLDINGS KON. DEAD - 03/07/07;NEDSCHROEF HOLDINGS KONINKLIJKE DEAD - 03/07/07;NEDSCHROEF HOLDINGS KONINKLIJKE;NL0000441475;E 
265646;Y;EQ;P;NETHERLANDS;NETHERLANDS;E;NL;NEW SKIES SATELLITES DEAD - DEAD 24/02/05;NEW SKIES SATELLITES DEAD - DEAD 24/02/05;NEW SKIES SATELLITES;NL0000371474;E 
741527;Y;EQ;P;NETHERLANDS;NETHERLANDS;E;NL;NEW SOURCES ENERGY;NEW SOURCES ENERGY;NEW SOURCES ENERGY NV;NL0009822014;E 
75975J;Y;EQ;P;UNITED KINGDOM;UNITED KINGDOM;£;GB;NEW WORLD RESOURCES DEAD - 19/07/18;NEW WORLD RESOURCES DEAD - 19/07/18;NEW WORLD RESOURCES PUBLIC LIMITED COMPANY;GB00B42CTW68;£ 
741467;Y;EQ;P;NETHERLANDS;NETHERLANDS;E;NL;NEWAYS ELECTRONICS INTERNATIONAL;NEWAYS ELECTRONICS INTERNATIONAL;NEWAYS ELECTRIC INTERNATIONAL;NL0000440618;E 
290339;Y;EQ;P;NETHERLANDS;UNITED KINGDOM;£;NL;NEWFOUND (DI) DEAD - DEAD 13/05/09;NEWFOUND (DI) DEAD - DEAD 13/05/09;NEWFOUND NV;NL0000686764;£ 
9278QK;Y;EQ;P;NETHERLANDS;NETHERLANDS;E;NL;NIBC HOLDING DEAD - DELIST.18/02/21;NIBC HOLDING DEAD - DELIST.18/02/21;NIBC HOLDING NV;NL0012756316;E 
772751;Y;EQ;P;NETHERLANDS;NETHERLANDS;E;NL;NKF HOLDING DEAD - T/O BY 307364;NKF HOLDING DEAD - T/O BY 307364;NKF HOLDING NV;NL0000374957;E 
923856;Y;UT;P;NETHERLANDS;NA;E;NL;NN EQUITY INVESTMENT FUND - P;NN EQUITY INVESTMENT FUND - P;NN EQUITY INVESTMENT;NL0000286318;E 
8914QL;Y;EQ;P;NETHERLANDS;NETHERLANDS;E;NL;NN GROUP;NN GROUP;NN GROUP;NL0010773842;E 
86729R;N;EQ;P;UNITED STATES;UNITED STATES;U$;US;NORD GOLD SPN.GDR 144A DEAD - DELIST.21/03/17;NORD GOLD SPONSORED GDR 144A DEAD - DELIST.21/03/17;NORD GOLD NV;US65557T1060;U$
921031;Y;EQ;P;NETHERLANDS;NETHERLANDS;E;NL;NORIT DEAD - DELIST.30/03/01;NORIT DEAD - DELIST.30/03/01;NORIT NV;NL0000375343;E 
676754;Y;EQ;P;NETHERLANDS;NETHERLANDS;E;NL;NSI;NSI;NSI;NL0012365084;E 
932874;Y;EQ;P;NETHERLANDS;NETHERLANDS;E;NL;NUMICO (KON.) DEAD - TAKEOVER 912833;NUMICO (KONINKLIJKE) DEAD - TAKEOVER 912833;KONINKLIJKE NUMICO NV;NL0000375616;E 
27508E;Y;EQ;P;NETHERLANDS;NETHERLANDS;E;N/A;NUON NV DEAD - DEAD;NUON NV DEAD - DEAD;NUON NV;NA;E 
897320;Y;EQ;P;NETHERLANDS;NETHERLANDS;E;NL;NUTRECO DEAD - 17/04/15;NUTRECO DEAD - 17/04/15;NUTRECO NV;NL0010395208;E 
27187Q;Y;EQ;P;NETHERLANDS;NETHERLANDS;E;N/A;NV BANK NEDERLANDSE GEME ENTEN;NV BANK NEDERLANDSE GEME ENTEN;NV BANK NEDERLANDSE GEME;NA;E 
27187U;Y;EQ;P;NETHERLANDS;NETHERLANDS;E;N/A;NV NEDERLANDSE GASUNIE;NV NEDERLANDSE GASUNIE;NV NEDERLANDSE GASUNIE;NA;E 
2580MC;Y;EQ;P;NETHERLANDS;NETHERLANDS;E;NL;NX FILTRATION;NX FILTRATION;NX FILTRATION NV;NL0015000D50;E 
86907K;Y;EQ;P;CANADA;CANADA;C$;N/A;NXP BV;NXP BV;NXP BV;NA;C$
69487D;Y;EQ;P;UNITED STATES;UNITED STATES;U$;NL;NXP SEMICONDUCTORS;NXP SEMICONDUCTORS;NXP SEMICONDUCTORS NV;NL0009538784;U$
922887;Y;EQ;P;UNITED STATES;NETHERLANDS;E;NL;OCE DEAD - 14/02/12;OCE DEAD - 14/02/12;OCE NV;NL0000354934;E 
88054J;Y;EQ;P;NETHERLANDS;NETHERLANDS;E;NL;OCI;OCI;OCI NV;NL0010558797;E 
41249J;Y;EQ;P;NETHERLANDS;NETHERLANDS;E;NL;OCTOPLUS DEAD - 16/04/13;OCTOPLUS DEAD - 16/04/13;OCTOPLUS;NL0000345718;E 
923433;Y;EQ;P;NETHERLANDS;NETHERLANDS;E;NL;ORANJEWOUD 'A';ORANJEWOUD 'A';ORANJEWOUD NV;NL0000370419;E 
741734;Y;EQ;P;NETHERLANDS;NETHERLANDS;FL;NL;ORCO BANK DEAD - DELIST.18/08/95;ORCO BANK DEAD - DELIST.18/08/95;ORCO BANK;NL0000375855;FL
741609;Y;EQ;P;NETHERLANDS;NETHERLANDS;E;NL;ORDINA;ORDINA;ORDINA NV;NL0000440584;E 
325648;Y;EQ;P;UNITED STATES;UNITED STATES;U$;US;ORTHOFIX MEDICAL;ORTHOFIX MEDICAL;ORTHOFIX MEDICAL INCORPORATED;US68752M1080;U$
932900;Y;EQ;P;NETHERLANDS;NETHERLANDS;E;NL;OTRA DEAD - DELIST 06/08/99;OTRA DEAD - DELIST 06/08/99;OTRA NV;NL0000376366;E 
77332L;Y;EQ;P;POLAND;POLAND;PZ;NL;OVOSTAR UNION;OVOSTAR UNION;OVOSTAR UNION SA;NL0009805613;PZ
998410;Y;EQ;P;NETHERLANDS;NETHERLANDS;FL;NL;P &C GROUP DEAD - DELIST 10/12/98;P &C GROUP DEAD - DELIST 10/12/98;P.&C. GROUP NV;NL0000440782;FL
932878;N;EQ;P;NETHERLANDS;NETHERLANDS;E;NL;PAKHOED KON. DEAD - T/O BY 278066;PAKHOED KONINKLIJKE DEAD - T/O BY 278066;PAKHOED NV;NL0000376598;E 
938619;Y;EQ;P;BELGIUM;BELGIUM;E;NL;PALMBOOMEN CULT. MIJ. MOPOLI PALMERAIES DE;PALMBOOMEN CULTUUR MAATSCHAPPIJ MOPOLI PALMERAIES DE;MOPOLI;NL0000488153;E 
932880;Y;EQ;P;NETHERLANDS;NETHERLANDS;FL;NL;PALTHE DEAD - 4/2/94;PALTHE DEAD - 4/2/94;PALTHE;NL0000376895;FL
50725W;Y;EQ;P;NETHERLANDS;NETHERLANDS;E;NL;PAN EUROP HOTEL DEAD - 30/03/09;PAN EUROP HOTEL DEAD - 30/03/09;PAN EUROP HOTEL;NL0000293686;E 
686120;N;EQ;P;SWITZERLAND;NETHERLANDS;E;NL;PETROPLUS INTL. DEAD - 20/04/05;PETROPLUS INTERNATIONAL DEAD - 20/04/05;PETROPLUS HOLDINGS AG;NL0000376937;E 
698852;Y;EQ;P;NETHERLANDS;NETHERLANDS;E;NL;PHARMING GROUP;PHARMING GROUP;PHARMING GROUP NV;NL0010391025;E 
933031;Y;EQ;P;NETHERLANDS;NETHERLANDS;E;NL;PHILIPS ELTN.KONINKLIJKE;PHILIPS ELECTRONICS KONINKLIJKE;KONINKLIJKE PHILIPS ELECTRONICS NA;NL0000009538;E 
68356C;Y;EQ;P;UNITED KINGDOM;UNITED KINGDOM;£;GB;PHOENIX GROUP HDG.;PHOENIX GROUP HOLDINGS;PHOENIX GROUP HOLDINGS PUBLIC LIMITED COMPANY;GB00BGXQNP29;£ 
921590;Y;EQ;P;NETHERLANDS;NETHERLANDS;FL;N/A;PIE MEDICAL DEAD - DELIST.24/11/95;PIE MEDICAL DEAD - DELIST.24/11/95;PIE MEDICAL;NA;FL
670368;Y;EQ;P;NETHERLANDS;NETHERLANDS;E;NL;PINK ROCCADE DEAD - 20/04/05;PINK ROCCADE DEAD - 20/04/05;PINK ROCCADE NV;NL0000377067;E 
504547;Y;EQ;P;NETHERLANDS;NETHERLANDS;FL;NL;PIRELLI TYRE HOLDING DEAD - DELIST 23/06/97;PIRELLI TYRE HOLDING DEAD - DELIST 23/06/97;PIRELLI TYRE HOLDING;NL0000377117;FL
50778J;Y;EQ;P;GERMANY;GERMANY;E;NL;PLAYJACK DEAD - 20/07/11;PLAYJACK DEAD - 20/07/11;PLAYJACK NV;NL0000871028;E 
413103;Y;EQ;P;NETHERLANDS;UNITED KINGDOM;£;NL;PLAZA CENTERS;PLAZA CENTERS;PLAZA CENTERS NV;NL0011882741;£ 
505137;N;EQ;P;NETHERLANDS;NETHERLANDS;E;NL;POLYGRAM DEAD - DELIST 18/12/98;POLYGRAM DEAD - DELIST 18/12/98;POLYGRAM;NL0000377505;E 
41459J;Y;EQ;P;NETHERLANDS;UNITED KINGDOM;£;NL;POLYMER LOGISTICS (DI) DEAD - DEAD 15/05/09;POLYMER LOGISTICS (DI) DEAD - DEAD 15/05/09;POLYMER LOGISTICS NV;NL0000687465;£ 
932196;Y;EQ;P;NETHERLANDS;NETHERLANDS;E;NL;POLYNORM DEAD - DELIST 01/02/02;POLYNORM DEAD - DELIST 01/02/02;POLYNORM NV;NL0000377752;E 
932882;Y;EQ;P;NETHERLANDS;NETHERLANDS;E;NL;PORCELEYNE FLES;PORCELEYNE FLES;KONINKLIJKE PORCELEYNE FLES NV;NL0000378669;E 
681714;Y;EQ;P;NETHERLANDS;NETHERLANDS;E;NL;POSTNL;POSTNL;POSTNL NV;NL0009739416;E 
259497;Y;EQ;P;NETHERLANDS;NETHERLANDS;E;NL;PRIORITY TELECOM DEAD - 09/06/06;PRIORITY TELECOM DEAD - 09/06/06;PRIORITY TELECOM NV;NL0000378818;E 
95087K;Y;EQ;P;NETHERLANDS;NETHERLANDS;E;NL;PROSUS;PROSUS;PROSUS NV;NL0013654783;E 
27508F;Y;EQ;P;NETHERLANDS;NETHERLANDS;E;N/A;PROVINCIALE GELDERSE ENERGIE-MAATS;PROVINCIALE GELDERSE ENERGIE-MAATS;PROVINCIALE GELDERSE;NA;E 
882416;Y;EQ;S;GERMANY;GERMANY;E;NL;QIAGEN (FRA);QIAGEN (FRA);QIAGEN NV;NL0012169213;E 
50486P;Y;EQ;P;NETHERLANDS;UNITED KINGDOM;£;NL;QMULUS (DI) DEAD - 26/07/10;QMULUS (DI) DEAD - 26/07/10;QMULUS NV;NL0000817377;£ 
27187T;Y;EQ;P;NETHERLANDS;NETHERLANDS;E;N/A;RABOBANK GROEP DEAD - 29/09/05;RABOBANK GROEP DEAD - 29/09/05;RABOBANK GROEP;NA;E 
505482;Y;EQ;P;NETHERLANDS;NETHERLANDS;E;NL;RANDSTAD;RANDSTAD;RANDSTAD NV;NL0000379121;E 
9375GY;Y;EQ;S;NETHERLANDS;NETHERLANDS;E;NL;REFRESCO GROUP (AMS) DEAD - DELIST.26/04/18;REFRESCO GROUP (AMS) DEAD - DELIST.26/04/18;REFRESCO GROUP;NL0011214010;E 
981526;Y;EQ;P;NETHERLANDS;NETHERLANDS;E;NL;RELX DEAD - 08/09/18;RELX DEAD - 08/09/18;RELX NV;NL0006144495;E 
697539;Y;EQ;P;GERMANY;GERMANY;E;NL;RHEIN BIOTECH DEAD - SEE 280834;RHEIN BIOTECH DEAD - SEE 280834;RHEIN BIOTECH AG;NL0000230324;E 
681624;Y;EQ;P;NETHERLANDS;NETHERLANDS;E;NL;RING ROSA NM DEAD - DELSIT 14/06/01;RING ROSA NM DEAD - DELSIT 14/06/01;RING ROSA;NL0000379337;E 
923505;Y;CF;P;NETHERLANDS;NETHERLANDS;E;NL;ROBECO SUST.GLB. STARS EQTIES.FD.;ROBECO SUSTAINABLE GLOBAL STARS EQUITIES FUND;ROBECO SUSTAINABLE GLOBAL STARS;NL0000289783;E 
981553;Y;CF;S;NETHERLANDS;NETHERLANDS;E;NL;RODAMCO (AMS) DEAD - DELIST.15/07/99;RODAMCO (AMS) DEAD - DELIST.15/07/99;ROBECO HOLLANDS BEZIT NV;NL0000288652;E 
698849;Y;EQ;P;NETHERLANDS;NETHERLANDS;E;NL;RODAMCO ASIA DEAD - 29/10/04;RODAMCO ASIA DEAD - 29/10/04;RODAMCO ASIA;NL0000289346;E 
698847;Y;EQ;P;NETHERLANDS;NETHERLANDS;E;NL;RODAMCO EUROPE DEAD - 13/05/08;RODAMCO EUROPE DEAD - 13/05/08;RODAMCO EUROPE;NL0000289320;E 
671312;Y;CF;P;NETHERLANDS;NETHERLANDS;E;NL;RODAMCO NORTH AM. DEAD - DELIST 08/05/02;RODAMCO NORTH AMERICA DEAD - DELIST 08/05/02;RODAMCO NORTH AMERICA;NL0000289312;E 
142438;Y;EQ;P;NETHERLANDS;NETHERLANDS;E;NL;RODAMCO RETAIL NED.FD. DEAD - MERGED 698847;RODAMCO RETAIL NEDERLANDS FUND DEAD - MERGED 698847;RODAMCO RETAIL NEDERLANDS FUND;NL0000288595;E 
916368;Y;CF;P;NETHERLANDS;NETHERLANDS;E;NL;ROLINCO;ROLINCO;ROLINCO NV;NL0000289817;E 
51225D;Y;EQ;P;NETHERLANDS;POLAND;PZ;NL;RONSON DEVELOPMENT;RONSON DEVELOPMENT;RONSON DEVELOPMENT SE;NL0006106007;PZ
741499;Y;EQ;P;NETHERLANDS;NETHERLANDS;E;NL;ROODMICROTEC;ROODMICROTEC;ROODMICROTEC NV;NL0000440477;E 
933718;Y;CF;P;NETHERLANDS;NETHERLANDS;E;LU;RORENTO DH EUR ICVC;RORENTO DH EUR ICVC;RORENTO DH SA;LU0934195610;E 
29280U;N;EQ;P;UNITED KINGDOM;UNITED KINGDOM;£;N/A;ROTHMANS INTL. BV;ROTHMANS INTERNATIONAL BV;ROTHMANS INTERNATIONAL (FL);NA;£ 
31459M;Y;EQ;P;NETHERLANDS;NETHERLANDS;E;N/A;ROYAL DUTCH PETROLEUM;ROYAL DUTCH PETROLEUM;ROYAL DUTCH PETROLEUM;NA;E 
902178;Y;EQ;P;UNITED KINGDOM;NETHERLANDS;E;GB;ROYAL DUTCH SHELL A;ROYAL DUTCH SHELL A;ROYAL DUTCH SHELL;GB00B03MLX29;E 
916108;Y;EQ;P;NETHERLANDS;NETHERLANDS;E;NL;ROYAL IMTECH DEAD - 02/01/17;ROYAL IMTECH DEAD - 02/01/17;ROYAL IMTECH;NL0010886891;E 
912796;Y;EQ;P;NETHERLANDS;NETHERLANDS;E;NL;ROYAL P&O NEDLLOYD DEAD - 13/09/05;ROYAL P&O NEDLLOYD DEAD - 13/09/05;ROYAL P&O NEDLLOYD NV;NL0000009983;E 
923857;Y;GDR;P;NETHERLANDS;NETHERLANDS;E;NL;ROYALREESINK DEAD - 17/08/16;ROYALREESINK DEAD - 17/08/16;ROYALREESINK NV;NL0000379303;E 
997702;Y;EQ;P;NETHERLANDS;NETHERLANDS;E;NL;SAMAS DEAD - 21/01/10;SAMAS DEAD - 21/01/10;SAMAS NV;NL0000381507;E 
27508H;Y;EQ;P;NETHERLANDS;NETHERLANDS;E;N/A;SARA LEE/DE NV DEAD - DEAD;SARA LEE/DE NV DEAD - DEAD;SARA LEE/DE NV;NA;E 
933027;Y;EQ;P;NETHERLANDS;NETHERLANDS;U$;NL;SARAKREEK HDG. DEAD - 15/11/05;SARAKREEK HOLDINGS DEAD - 15/11/05;SARAKREEK HOLDINGS;NL0000381911;U$
916775;Y;EQ;P;NETHERLANDS;NETHERLANDS;E;NL;SBM OFFSHORE;SBM OFFSHORE;SBM OFFSHORE NV;NL0000360618;E 
892394;Y;EQ;P;NETHERLANDS;NETHERLANDS;E;NL;SCALA BUSINESS DEAD - DELIST 13/07/04;SCALA BUSINESS DEAD - DELIST 13/07/04;SCALA BUSINESS;NL0000382000;E 
923065;Y;EQ;P;NETHERLANDS;NETHERLANDS;E;NL;SCHUITEMA DEAD - 14/09/09;SCHUITEMA DEAD - 14/09/09;SCHUITEMA NV;NL0000383040;E 
690787;Y;EQ;P;NETHERLANDS;NETHERLANDS;E;NL;SEAGULL HOLDING DEAD - 08/06/07;SEAGULL HOLDING DEAD - 08/06/07;SEAGULL HOLDING NV;NL0000381416;E 
68981D;Y;EQ;P;UNITED STATES;UNITED STATES;U$;GB;SENSATA TECHS.HLDG.;SENSATA TECHNOLOGIES HOLDING;SENSATA TECHNOLOGIES HOLDING NV;GB00BFMBMT84;U$
27188C;Y;EQ;P;NETHERLANDS;NETHERLANDS;E;N/A;SHV HOLDINGS N V;SHV HOLDINGS N V;SHV HOLDINGS N V;NA;E 
8900MR;Y;EQ;P;NETHERLANDS;NETHERLANDS;E;NL;SIF HOLDING;SIF HOLDING;SIF HOLDING;NL0011660485;E 
7418Z9;Y;EQ;P;NETHERLANDS;NETHERLANDS;E;NL;SIGNIFY;SIGNIFY;SIGNIFY NV;NL0011821392;E 
729499;Y;EQ;P;NETHERLANDS;NETHERLANDS;E;NL;SIMAC TECHNIEK DEAD - 10/03/14;SIMAC TECHNIEK DEAD - 10/03/14;SIMAC TECHNIEK NV;NL0000441616;E 
504959;Y;EQ;P;NETHERLANDS;NETHERLANDS;E;NL;SLIGRO FOOD GROUP;SLIGRO FOOD GROUP;SLIGRO FOOD GROUP NV;NL0000817179;E 
362709;Y;EQ;P;GERMANY;GERMANY;E;NL;SMARTRAC DEAD - 17/06/13;SMARTRAC DEAD - 17/06/13;SMARTRAC NV;NL0000186633;E 
950807;Y;EQ;P;NETHERLANDS;NETHERLANDS;E;NL;SMIT INTL.CERTS. DEAD - 05/05/10;SMIT INTERNATIONAL CERTIFICATES DEAD - 05/05/10;SMIT INTERNATIONAL;NL0000383800;E 
143235;Y;EQ;P;NETHERLANDS;NETHERLANDS;E;NL;SMIT TRAFO 'A' DEAD - DELIST 17/11/00;SMIT TRAFO 'A' DEAD - DELIST 17/11/00;SMIT TRANSFORMATOR;NL0000383834;E 
308444;Y;EQ;P;NETHERLANDS;NETHERLANDS;E;NL;SNOWWORLD;SNOWWORLD;SNOWWORLD;NL0010627865;E 
35957F;Y;EQ;P;NETHERLANDS;NETHERLANDS;E;NL;SNS REAAL DEAD - 27/03/13;SNS REAAL DEAD - 27/03/13;SNS REAAL;NL0000390706;E 
276830;Y;EQ;P;NETHERLANDS;NETHERLANDS;E;NL;SNT DEAD - 30/05/05;SNT DEAD - 30/05/05;SNT NV;NL0000383909;E 
412588;Y;EQ;P;NETHERLANDS;UNITED KINGDOM;E;NL;SPAZIO INVESTMENT (DI) DEAD - 16/12/09;SPAZIO INVESTMENT (DI) DEAD - 16/12/09;SPAZIO INVESTMENT NV;NL0000686319;E 
729253;Y;EQ;P;NETHERLANDS;NETHERLANDS;E;NL;SPHINX GUSTVBG.KON. DEAD - T/O BY 698813;SPHINX GUSTAVSBERG KONINKLIJKE DEAD - T/O BY 698813;SPHINX GUSTAVSBERG KONINKLIJKE;NL0000385078;E 
29027R;Y;EQ;S;NETHERLANDS;NETHERLANDS;E;NL;SPYKER DEAD - 16/09/13;SPYKER DEAD - 16/09/13;SPYKER;NL0010363529;E 
741107;Y;EQ;P;NETHERLANDS;NETHERLANDS;FL;NL;STAAL BANKIERS DEAD - DELIST.10/04/96;STAAL BANKIERS DEAD - DELIST.10/04/96;STAAL BANKIERS;NL0000385631;FL
932773;Y;EQ;P;NETHERLANDS;NETHERLANDS;E;NL;STERN GROEP;STERN GROEP;STERN GROEP NV;NL0000336303;E 
929704;Y;EQ;P;NETHERLANDS;NETHERLANDS;E;NL;STORK DEAD - TAKEOVER 904708;STORK DEAD - TAKEOVER 904708;STORK NV;NL0000390672;E 
745052;Y;EQ;P;NETHERLANDS;NETHERLANDS;E;NL;SUPER DE BOER DEAD - 19/01/10;SUPER DE BOER DEAD - 19/01/10;SUPER DE BOER;NL0006144503;E 
686743;Y;EQ;P;NETHERLANDS;NETHERLANDS;E;NL;TAS GROEP DEAD - DELIST.21/12/00;TAS GROEP DEAD - DELIST.21/12/00;TAS GROEP;NL0000388882;E 
724079;Y;UT;P;NETHERLANDS;NA;E;NL;TCM VIETNAM HIGH DIVIDEND EQUITY;TCM VIETNAM HIGH DIVIDEND EQUITY;TCM VIETNAM HIGH;NL0006489189;E 
32388X;Y;EQ;P;NETHERLANDS;NETHERLANDS;E;NL;TELE ATLAS DEAD - T/O 31102D;TELE ATLAS DEAD - T/O 31102D;TELE ATLAS NV;NL0000233948;E 
921048;Y;EQ;P;NETHERLANDS;NETHERLANDS;E;NL;TELEGRAAF MEDIA GROEP DEAD - DELIST.22/02/18;TELEGRAAF MEDIA GROEP DEAD - DELIST.22/02/18;TELEGRAAF MEDIA GROEP NV;NL0000386605;E 
690098;Y;EQ;P;GERMANY;GERMANY;E;NL;TELEPLAN INTL. DEAD - 06/12/17;TELEPLAN INTERNATIONAL DEAD - 06/12/17;TELEPLAN INTERNATIONAL NV;NL0000229458;E 
270079;Y;EQ;P;NETHERLANDS;NETHERLANDS;E;NL;TELE2 NETHERLANDS DEAD - 21/05/08;TELE2 NETHERLANDS DEAD - 21/05/08;TELE2 NETHERLANDS HOLDING;NL0006129264;E 
930119;Y;EQ;P;NETHERLANDS;NETHERLANDS;E;NL;TEN CATE DEAD - 17/03/16;TEN CATE DEAD - 17/03/16;KONINKLIJKE TEN CATE NV;NL0000375749;E 
932897;Y;EQ;P;NETHERLANDS;NETHERLANDS;E;NL;TEXTIELGRP TWENTE DEAD - 01/07/02;TEXTIELGRP TWENTE DEAD - 01/07/02;KONINKLIJKE TEXTIELGROEP TWENTHE NV;NL0000386936;E 
41412F;Y;EQ;P;NETHERLANDS;NETHERLANDS;E;NL;THE MEMBER COMPANY DEAD - 25/01/13;THE MEMBER COMPANY DEAD - 25/01/13;THE MEMBER COMPANY;NL0000290997;E 
936400;Y;EQ;P;NETHERLANDS;NETHERLANDS;FL;N/A;THOMASSEN DRIJVER;THOMASSEN DRIJVER;THOMASSEN DRIJVER;NA;FL
276825;Y;EQ;P;NETHERLANDS;NETHERLANDS;E;NL;TIE KINETIX;TIE KINETIX;TIE KINETIX NV;NL0010389508;E 
932903;Y;EQ;P;NETHERLANDS;NETHERLANDS;E;NL;TKH GROUP;TKH GROUP;TKH GROUP NV DUTCH CERTIFICATE;NL0000852523;E 
75776X;Y;EQ;S;NETHERLANDS;NETHERLANDS;E;NL;TNT EXPRESS DEAD - 04/07/16;TNT EXPRESS DEAD - 04/07/16;TNT EXPRESS NV;NL0009739424;E 
31102D;Y;EQ;P;NETHERLANDS;NETHERLANDS;E;NL;TOM TOM;TOM TOM;TOM TOM NV;NL0013332471;E 
870929;N;EQ;P;NETHERLANDS;NETHERLANDS;E;NL;TOOLEX INTERNATIONAL DEAD - DELIST.12/10/01;TOOLEX INTERNATIONAL DEAD - DELIST.12/10/01;TOOLEX INTERNATIONAL NV;NL0000387017;E 
288925;Y;EQ;P;NETHERLANDS;FRANCE;E;NL;TRADER CLASSIFIED MEDIA (PAR);TRADER CLASSIFIED MEDIA (PAR);TRADER CLASSIFIED MEDIA;NL0000233187;E 
32707J;Y;GDR;P;UNITED KINGDOM;UNITED KINGDOM;U$;US;TRADER MEDIA EAST GDR DEAD - DELIST.02/01/20;TRADER MEDIA EAST GDR DEAD - DELIST.02/01/20;TRADER MEDIA EAST LIMITED;US89255G2084;U$
867815;Y;EQ;P;UNITED STATES;UNITED STATES;U$;NL;TRIPLE P NV;TRIPLE P NV;TRIPLE P NV;NL0000387116;U$
892785;Y;EQ;P;NETHERLANDS;NETHERLANDS;E;NL;UCC GROEP NM DEAD - DELIST 03/08/01;UCC GROEP NM DEAD - DELIST 03/08/01;UCC GROEP NM;NL0000388387;E 
998101;Y;EQ;P;NETHERLANDS;NETHERLANDS;E;NL;UNI-INVEST (VERENIG) DEAD - DEAD 10/01/03;UNI-INVEST (VERENIG) DEAD - DEAD 10/01/03;UNI-INVEST (VERENIG);NL0000288819;E 
932911;Y;EQ;P;NETHERLANDS;NETHERLANDS;E;NL;UNILEVER DEAD - 30/11/20;UNILEVER DEAD - 30/11/20;UNILEVER DUTCH CERTIFICATE;NL0000388619;E 
27508J;Y;EQ;P;NETHERLANDS;NETHERLANDS;E;N/A;UNION NV DEAD - DEAD;UNION NV DEAD - DEAD;UNION NV;NA;E 
8702VP;Y;EQ;P;UNITED STATES;UNITED STATES;U$;NL;UNIQURE;UNIQURE;UNIQURE NV;NL0010696654;U$
676348;Y;EQ;S;NETHERLANDS;NETHERLANDS;E;NL;UNIT 4 DEAD - 22/04/14;UNIT 4 DEAD - 22/04/14;UNIT 4 NV;NL0000389096;E 
690823;N;EQ;P;UNITED STATES;NETHERLANDS;E;NL;UTD.PAN-EURO COMMS. 'A' DEAD - DEAD 05/09/03;UNITED PAN-EURO COMMUNICATIONS 'A' DEAD - DEAD 05/09/03;UGC EUROPE INCORPORATED;NL0000389112;E 
25711Q;Y;EQ;P;NETHERLANDS;NETHERLANDS;E;NL;UNIVAR DEAD - 19/11/07;UNIVAR DEAD - 19/11/07;UNIVAR NV;NL0000388809;E 
50266J;Y;EQ;P;NETHERLANDS;NETHERLANDS;E;N/A;UPC HOLDING;UPC HOLDING;UPC HOLDING;NA;E 
932820;Y;EQ;P;NETHERLANDS;NETHERLANDS;E;NL;USG PEOPLE DEAD - 22/07/16;USG PEOPLE DEAD - 22/07/16;USG PEOPLE NV;NL0000354488;E 
719610;Y;EQ;P;NETHERLANDS;NETHERLANDS;E;NL;VALUE8;VALUE8;VALUE8 NV;NL0010661864;E 
741706;Y;EQ;P;NETHERLANDS;NETHERLANDS;E;NL;VAN DER MOOLEN DEAD - 23/12/10;VAN DER MOOLEN DEAD - 23/12/10;VAN DER MOOLEN NV;NL0000370179;E 
932785;Y;EQ;P;NETHERLANDS;NETHERLANDS;E;NL;VAN HEEK-TWEKA DEAD - DEAD 24/11/03;VAN HEEK-TWEKA DEAD - DEAD 24/11/03;VAN HEEK-TWEKA;NL0000341709;E 
670375;Y;EQ;P;NETHERLANDS;NETHERLANDS;E;NL;VAN LANSCHOT KEMPEN;VAN LANSCHOT KEMPEN;VAN LANSCHOT KEMPEN NV;NL0000302636;E 
866590;Y;EQ;P;NETHERLANDS;NETHERLANDS;E;NL;VAN LEER KON. DEAD - T/O BY 772286;VAN LEER KONINKLIJKE DEAD - T/O BY 772286;VAN LEER KONINKLIJKE;NL0000364750;E 
998416;Y;EQ;P;NETHERLANDS;NETHERLANDS;E;NL;VAN MELLE DEAD - TAKEOV 12/04/01;VAN MELLE DEAD - TAKEOV 12/04/01;VAN MELLE NV;NL0000442366;E 
904553;Y;EQ;P;NETHERLANDS;NETHERLANDS;E;NL;VAN OMMEREN (KON) DEAD - T/O BY 278066;VAN OMMEREN (KON) DEAD - T/O BY 278066;KONINKLIJKE VAN OMMEREN NV;NL0000375764;E 
27188D;Y;EQ;P;NETHERLANDS;NETHERLANDS;E;N/A;VAN OORD GROEP N V;VAN OORD GROEP N V;VAN OORD GROEP N V;NA;E 
29450E;Y;EQ;P;NETHERLANDS;NETHERLANDS;E;N/A;VAN OORD GROEP NV;VAN OORD GROEP NV;VAN OORD GROEP NV;NA;E 
508266;Y;EQ;P;NETHERLANDS;NETHERLANDS;E;NL;VASTNED OFFICES INDL. DEAD - 14/10/11;VASTNED OFFICES INDUSTRIAL DEAD - 14/10/11;VASTNED OFFICES INDUSTRIAL;NL0000288934;E 
756826;Y;EQ;P;NETHERLANDS;NETHERLANDS;E;NL;VASTNED RETAIL;VASTNED RETAIL;VASTNED RETAIL NV;NL0000288918;E 
741843;Y;EQ;P;NETHERLANDS;NETHERLANDS;E;NL;VD HOOP BANKIERS DEAD - 22/12/06;VD HOOP BANKIERS DEAD - 22/12/06;VD HOOP BANKIERS NV;NL0000359354;E 
897451;Y;EQ;P;NETHERLANDS;NETHERLANDS;E;NL;VEDIOR DEAD - 27/06/08;VEDIOR DEAD - 27/06/08;VEDIOR NV;NL0006005662;E 
26422R;Y;EQ;S;NETHERLANDS;GERMANY;E;AN;VELCRO INDUSTRIES (BER) DEAD - 02/06/09;VELCRO INDUSTRIES (BER) DEAD - 02/06/09;VELCRO INDUSTRIES;AN9225711045;E 
143724;Y;EQ;P;NETHERLANDS;NETHERLANDS;E;NL;VENDEX KBB DEAD - DELIST 03/08/04;VENDEX KBB DEAD - DELIST 03/08/04;KONINKLIJKE VENDEX;NL0000390979;E 
933000;Y;EQ;P;NETHERLANDS;NETHERLANDS;FL;NL;VERN.GLAS. DEAD - DELIST.15/06/95;VEREENIGDE GLASFABRIKEN DEAD - DELIST.15/06/95;VEREENIGDE GLASFABRIKEN;NL0000390235;FL
27508K;Y;EQ;P;NETHERLANDS;NETHERLANDS;E;N/A;VERENIGDE COOP MELKINDUS COBERCO BA;VERENIGDE COOP MELKINDUS COBERCO BA;VERENIGDE COOP MELKINDUS;NA;E 
923987;Y;EQ;P;NETHERLANDS;NETHERLANDS;E;NL;VERTO CERTS. DEAD - DELIST 28/01/00;VERTO CERTIFICATES DEAD - DELIST 28/01/00;VERTO;NL0000391258;E 
998422;Y;EQ;P;NETHERLANDS;NETHERLANDS;E;NL;VHS ONROEREND DEAD - 23/08/05;VHS ONROEREND DEAD - 23/08/05;VHS ONROEREND NV;NL0000440899;E 
307075;Y;EQ;P;NETHERLANDS;NETHERLANDS;E;NL;VILENZO DEAD - 25/11/05;VILENZO DEAD - 25/11/05;VILENZO INTERNATIONAL NV;NL0000442309;E 
50853Q;Y;GDR;P;NETHERLANDS;UNITED KINGDOM;U$;US;VIMETCO GDR 'REGS';VIMETCO GDR 'REGS';VIMETCO N V USD GDR 144A;US92718P2039;U$
69832V;Y;EQ;P;NETHERLANDS;NETHERLANDS;E;BM;VIMPELCOM LTD;VIMPELCOM LTD;VIMPELCOM LTD;BMG9360W1073;E 
916163;Y;EQ;P;NETHERLANDS;NETHERLANDS;E;NL;VNU DEAD - 11/07/06;VNU DEAD - 11/07/06;NIELSEN COMPANY BV;NL0000389872;E 
698782;Y;EQ;P;NETHERLANDS;NETHERLANDS;E;NL;VODAFONE LIBERTEL DEAD - DEAD 05/04/03;VODAFONE LIBERTEL DEAD - DEAD 05/04/03;VODAFONE LIBERTEL NV;NL0000371904;E 
952355;Y;EQ;P;NETHERLANDS;NETHERLANDS;E;NL;VOLKER WESSELS STEVIN;VOLKER WESSELS STEVIN;VOLKER WESSELS STEVIN;NL0000392926;E 
9068VE;Y;EQ;P;NETHERLANDS;NETHERLANDS;E;NL;VOLKERWESSELS DEAD - DELIST.15/04/20;VOLKERWESSELS DEAD - DELIST.15/04/20;VOLKERWESSELS WI;NL0012294466;E 
741675;Y;EQ;P;NETHERLANDS;NETHERLANDS;E;NL;VREDESTEIN DEAD - DEAD 27/10/03;VREDESTEIN DEAD - DEAD 27/10/03;VREDESTEIN NV;NL0000394005;E 
923540;Y;EQ;P;NETHERLANDS;NETHERLANDS;FL;NL;VRG-GROEP MERGER - SEE 929136;VRG-GROEP MERGER - SEE 929136;VRG-GROEP;NL0000393072;FL
41271K;Y;EQ;P;NETHERLANDS;NETHERLANDS;E;NL;WAVIN DEAD - 12/07/12;WAVIN DEAD - 12/07/12;WAVIN;NL0009412683;E 
933010;Y;EQ;S;NETHERLANDS;NETHERLANDS;E;NL;WEGENER DEAD - 02/07/12;WEGENER DEAD - 02/07/12;KONINKLIJKE WEGENER NV;NL0000394567;E 
307074;Y;EQ;P;NETHERLANDS;NETHERLANDS;E;NL;WELNA DEAD - DELIST 16/07/99;WELNA DEAD - DELIST 16/07/99;WELNA NV;NL0000441889;E 
923388;Y;EQ;P;NETHERLANDS;NETHERLANDS;E;NL;WERELDHAVE;WERELDHAVE;WERELDHAVE NV;NL0000289213;E 
308977;Y;EQ;P;NETHERLANDS;NETHERLANDS;E;NL;WESSANEN DEAD - DELIST.01/11/19;WESSANEN DEAD - DELIST.01/11/19;WESSANEN NV;NL0000395317;E 
922867;N;EQ;P;NETHERLANDS;NETHERLANDS;FL;N/A;WESSANEN CERTS. MERGER SEE 308977;WESSANEN CERTIFICATES MERGER SEE 308977;WESSANEN NV;NA;FL
741955;Y;EQ;P;NETHERLANDS;NETHERLANDS;E;NL;WEWELER DEAD - DELIST 03/08/01;WEWELER DEAD - DELIST 03/08/01;WEWELER NV;NL0000440949;E 
998419;Y;EQ;P;NETHERLANDS;NETHERLANDS;FL;NL;WOLFF HANDELMIJ JOH DEAD - T/O BY 997679;WOLFF HANDELMIJ JOH DEAD - T/O BY 997679;WOLFF HANDELMIJ;NL0000441012;FL
932826;Y;EQ;P;NETHERLANDS;NETHERLANDS;E;NL;WOLTERS KLUWER;WOLTERS KLUWER;WOLTERS KLUWER NV;NL0000395903;E 
276957;Y;EQ;P;NETHERLANDS;NETHERLANDS;E;NL;WORLD ONLINE INT. DEAD - DELIST.12/01/01;WORLD ONLINE INTEREST DEAD - DELIST.12/01/01;WORLD ONLINE INTEREST;NL0000395937;E 
69819D;Y;EQ;P;UNITED STATES;UNITED STATES;U$;NL;WRIGHT MEDICAL GROUP DEAD - DELIST.12/11/20;WRIGHT MEDICAL GROUP DEAD - DELIST.12/11/20;WRIGHT MEDICAL GROUP NV;NL0011327523;U$
933012;Y;EQ;P;NETHERLANDS;NETHERLANDS;E;NL;WS VASTGOED WESTERSUYKER DEAD - 28/06/05;WS VASTGOED WESTERSUYKER DEAD - 28/06/05;WS VASTGOED WESTERSUYKER;NL0000395689;E 
27508M;Y;EQ;P;NETHERLANDS;NETHERLANDS;E;N/A;WYERS BEHEER NV DEAD - DEAD;WYERS BEHEER NV DEAD - DEAD;WYERS BEHEER NV;NA;E 
897915;Y;EQ;P;NETHERLANDS;NETHERLANDS;E;NL;XEIKON DEAD - 19/03/14;XEIKON DEAD - 19/03/14;XEIKON;NL0006007247;E 
29151K;N;EQ;P;SLOVAKIA;CZECH REPUBLIC;CK;NL;ZENTIVA DEAD - 28/04/09;ZENTIVA DEAD - 28/04/09;ZENTIVA NV;NL0000405173;CK
86971F;Y;EQ;P;NETHERLANDS;NETHERLANDS;E;NL;ZIGGO DEAD - 22/12/14;ZIGGO DEAD - 22/12/14;ZIGGO;NL0006294290;E 
35642L;Y;EQ;P;NETHERLANDS;UNITED KINGDOM;£;NL;2WAYTRAFFIC (DI) DEAD - 01/07/08;2WAYTRAFFIC (DI) DEAD - 01/07/08;2WAYTRAFFIC NV;NL0000181469;£ 
;;;;;;;;;;;;
;;;;;;;;;;;;
;;;;;;;;;;;;
;;;;;;;;;;;;
;;;;;;;;;;;;
;;;;;;;;;;;;
;;;;;;;;;;;;
;;;;;;;;;;;;
;;;;;;;;;;;;
;;;;;;;;;;;;
;;;;;;;;;;;;
;;;;;;;;;;;;
;;;;;;;;;;;;
;;;;;;;;;;;;
;;;;;;;;;;;;
;;;;;;;;;;;;
;;;;;;;;;;;;
;;;;;;;;;;;;
;;;;;;;;;;;;
;;;;;;;;;;;;
;;;;;;;;;;;;
;;;;;;;;;;;;
;;;;;;;;;;;;
;;;;;;;;;;;;
;;;;;;;;;;;;
;;;;;;;;;;;;
;;;;;;;;;;;;
;;;;;;;;;;;;
;;;;;;;;;;;;
;;;;;;;;;;;;
;;;;;;;;;;;;
;;;;;;;;;;;;
;;;;;;;;;;;;
;;;;;;;;;;;;
;;;;;;;;;;;;
;;;;;;;;;;;;
;;;;;;;;;;;;
;;;;;;;;;;;;
;;;;;;;;;;;;
;;;;;;;;;;;;
;;;;;;;;;;;;
;;;;;;;;;;;;
;;;;;;;;;;;;
;;;;;;;;;;;;
;;;;;;;;;;;;
;;;;;;;;;;;;
;;;;;;;;;;;;
;;;;;;;;;;;;
;;;;;;;;;;;;
;;;;;;;;;;;;
;;;;;;;;;;;;
;;;;;;;;;;;;
;;;;;;;;;;;;
;;;;;;;;;;;;
;;;;;;;;;;;;
;;;;;;;;;;;;
;;;;;;;;;;;;
;;;;;;;;;;;;
;;;;;;;;;;;;
;;;;;;;;;;;;
;;;;;;;;;;;;
;;;;;;;;;;;;
;;;;;;;;;;;;
;;;;;;;;;;;;
;;;;;;;;;;;;
;;;;;;;;;;;;
;;;;;;;;;;;;
;;;;;;;;;;;;
;;;;;;;;;;;;
;;;;;;;;;;;;
;;;;;;;;;;;;
;;;;;;;;;;;;
;;;;;;;;;;;;
;;;;;;;;;;;;
;;;;;;;;;;;;
;;;;;;;;;;;;
;;;;;;;;;;;;
;;;;;;;;;;;;
;;;;;;;;;;;;
;;;;;;;;;;;;
;;;;;;;;;;;;
;;;;;;;;;;;;
;;;;;;;;;;;;
;;;;;;;;;;;;
;;;;;;;;;;;;
;;;;;;;;;;;;
;;;;;;;;;;;;
;;;;;;;;;;;;
;;;;;;;;;;;;
;;;;;;;;;;;;
;;;;;;;;;;;;
;;;;;;;;;;;;
;;;;;;;;;;;;
;;;;;;;;;;;;
;;;;;;;;;;;;
;;;;;;;;;;;;
;;;;;;;;;;;;
;;;;;;;;;;;;
;;;;;;;;;;;;
;;;;;;;;;;;;
;;;;;;;;;;;;
;;;;;;;;;;;;
;;;;;;;;;;;;
;;;;;;;;;;;;
;;;;;;;;;;;;
;;;;;;;;;;;;
;;;;;;;;;;;;
;;;;;;;;;;;;
;;;;;;;;;;;;
;;;;;;;;;;;;
;;;;;;;;;;;;
;;;;;;;;;;;;
;;;;;;;;;;;;
;;;;;;;;;;;;
;;;;;;;;;;;;
;;;;;;;;;;;;
;;;;;;;;;;;;
;;;;;;;;;;;;
;;;;;;;;;;;;
;;;;;;;;;;;;
;;;;;;;;;;;;
;;;;;;;;;;;;
;;;;;;;;;;;;
;;;;;;;;;;;;
;;;;;;;;;;;;
;;;;;;;;;;;;
;;;;;;;;;;;;
;;;;;;;;;;;;
;;;;;;;;;;;;
;;;;;;;;;;;;
;;;;;;;;;;;;
;;;;;;;;;;;;
;;;;;;;;;;;;
;;;;;;;;;;;;
;;;;;;;;;;;;
;;;;;;;;;;;;
;;;;;;;;;;;;
;;;;;;;;;;;;
;;;;;;;;;;;;
;;;;;;;;;;;;
;;;;;;;;;;;;
;;;;;;;;;;;;
;;;;;;;;;;;;
;;;;;;;;;;;;
;;;;;;;;;;;;
;;;;;;;;;;;;
;;;;;;;;;;;;
;;;;;;;;;;;;
;;;;;;;;;;;;
;;;;;;;;;;;;
;;;;;;;;;;;;
;;;;;;;;;;;;
;;;;;;;;;;;;
;;;;;;;;;;;;
;;;;;;;;;;;;
;;;;;;;;;;;;
;;;;;;;;;;;;
;;;;;;;;;;;;
;;;;;;;;;;;;
;;;;;;;;;;;;
;;;;;;;;;;;;
;;;;;;;;;;;;
;;;;;;;;;;;;
;;;;;;;;;;;;
;;;;;;;;;;;;
;;;;;;;;;;;;
;;;;;;;;;;;;
;;;;;;;;;;;;
;;;;;;;;;;;;
;;;;;;;;;;;;
;;;;;;;;;;;;
;;;;;;;;;;;;
;;;;;;;;;;;;
;;;;;;;;;;;;
;;;;;;;;;;;;
;;;;;;;;;;;;
;;;;;;;;;;;;
;;;;;;;;;;;;
;;;;;;;;;;;;
;;;;;;;;;;;;
;;;;;;;;;;;;
;;;;;;;;;;;;
;;;;;;;;;;;;
;;;;;;;;;;;;
;;;;;;;;;;;;
;;;;;;;;;;;;
;;;;;;;;;;;;
;;;;;;;;;;;;
;;;;;;;;;;;;
;;;;;;;;;;;;
;;;;;;;;;;;;
;;;;;;;;;;;;
;;;;;;;;;;;;
;;;;;;;;;;;;
;;;;;;;;;;;;
;;;;;;;;;;;;
;;;;;;;;;;;;
;;;;;;;;;;;;
;;;;;;;;;;;;
;;;;;;;;;;;;
;;;;;;;;;;;;
;;;;;;;;;;;;
;;;;;;;;;;;;
;;;;;;;;;;;;
;;;;;;;;;;;;
;;;;;;;;;;;;
;;;;;;;;;;;;
;;;;;;;;;;;;
;;;;;;;;;;;;
;;;;;;;;;;;;
;;;;;;;;;;;;
;;;;;;;;;;;;
;;;;;;;;;;;;
;;;;;;;;;;;;
;;;;;;;;;;;;
;;;;;;;;;;;;
;;;;;;;;;;;;
;;;;;;;;;;;;
;;;;;;;;;;;;
;;;;;;;;;;;;
;;;;;;;;;;;;
;;;;;;;;;;;;
;;;;;;;;;;;;
;;;;;;;;;;;;
;;;;;;;;;;;;
;;;;;;;;;;;;
;;;;;;;;;;;;
;;;;;;;;;;;;
;;;;;;;;;;;;
;;;;;;;;;;;;
;;;;;;;;;;;;
;;;;;;;;;;;;
;;;;;;;;;;;;
;;;;;;;;;;;;
;;;;;;;;;;;;
;;;;;;;;;;;;
;;;;;;;;;;;;
;;;;;;;;;;;;
;;;;;;;;;;;;
;;;;;;;;;;;;
;;;;;;;;;;;;
;;;;;;;;;;;;
;;;;;;;;;;;;
;;;;;;;;;;;;
;;;;;;;;;;;;
;;;;;;;;;;;;
;;;;;;;;;;;;
;;;;;;;;;;;;
;;;;;;;;;;;;
;;;;;;;;;;;;
;;;;;;;;;;;;
;;;;;;;;;;;;
;;;;;;;;;;;;
;;;;;;;;;;;;
;;;;;;;;;;;;
;;;;;;;;;;;;
;;;;;;;;;;;;
;;;;;;;;;;;;
;;;;;;;;;;;;
;;;;;;;;;;;;
;;;;;;;;;;;;
;;;;;;;;;;;;
;;;;;;;;;;;;
;;;;;;;;;;;;
;;;;;;;;;;;;
;;;;;;;;;;;;
;;;;;;;;;;;;
;;;;;;;;;;;;
;;;;;;;;;;;;
;;;;;;;;;;;;
;;;;;;;;;;;;
;;;;;;;;;;;;
;;;;;;;;;;;;
;;;;;;;;;;;;
;;;;;;;;;;;;
;;;;;;;;;;;;
;;;;;;;;;;;;
;;;;;;;;;;;;
;;;;;;;;;;;;
;;;;;;;;;;;;
;;;;;;;;;;;;
;;;;;;;;;;;;
;;;;;;;;;;;;
;;;;;;;;;;;;
;;;;;;;;;;;;
;;;;;;;;;;;;
;;;;;;;;;;;;
;;;;;;;;;;;;
;;;;;;;;;;;;
;;;;;;;;;;;;
;;;;;;;;;;;;
;;;;;;;;;;;;
;;;;;;;;;;;;
;;;;;;;;;;;;
;;;;;;;;;;;;
;;;;;;;;;;;;
;;;;;;;;;;;;
;;;;;;;;;;;;
;;;;;;;;;;;;
;;;;;;;;;;;;
;;;;;;;;;;;;
;;;;;;;;;;;;
;;;;;;;;;;;;
;;;;;;;;;;;;
;;;;;;;;;;;;
;;;;;;;;;;;;
;;;;;;;;;;;;
;;;;;;;;;;;;
;;;;;;;;;;;;
;;;;;;;;;;;;
;;;;;;;;;;;;
;;;;;;;;;;;;
;;;;;;;;;;;;
;;;;;;;;;;;;
;;;;;;;;;;;;
;;;;;;;;;;;;
;;;;;;;;;;;;
;;;;;;;;;;;;
;;;;;;;;;;;;
;;;;;;;;;;;;
;;;;;;;;;;;;
;;;;;;;;;;;;
;;;;;;;;;;;;
;;;;;;;;;;;;
;;;;;;;;;;;;
;;;;;;;;;;;;
;;;;;;;;;;;;
;;;;;;;;;;;;
;;;;;;;;;;;;
;;;;;;;;;;;;
;;;;;;;;;;;;
;;;;;;;;;;;;
;;;;;;;;;;;;
;;;;;;;;;;;;
;;;;;;;;;;;;
;;;;;;;;;;;;
;;;;;;;;;;;;
;;;;;;;;;;;;
;;;;;;;;;;;;
;;;;;;;;;;;;
;;;;;;;;;;;;
;;;;;;;;;;;;
;;;;;;;;;;;;
;;;;;;;;;;;;
;;;;;;;;;;;;
;;;;;;;;;;;;
;;;;;;;;;;;;
;;;;;;;;;;;;
;;;;;;;;;;;;
;;;;;;;;;;;;
;;;;;;;;;;;;
;;;;;;;;;;;;
;;;;;;;;;;;;
;;;;;;;;;;;;
;;;;;;;;;;;;
;;;;;;;;;;;;
;;;;;;;;;;;;
;;;;;;;;;;;;
;;;;;;;;;;;;
;;;;;;;;;;;;
;;;;;;;;;;;;
;;;;;;;;;;;;
;;;;;;;;;;;;
;;;;;;;;;;;;
;;;;;;;;;;;;
;;;;;;;;;;;;
;;;;;;;;;;;;
;;;;;;;;;;;;
;;;;;;;;;;;;
;;;;;;;;;;;;
;;;;;;;;;;;;
;;;;;;;;;;;;
;;;;;;;;;;;;
;;;;;;;;;;;;
;;;;;;;;;;;;
;;;;;;;;;;;;
;;;;;;;;;;;;
;;;;;;;;;;;;
;;;;;;;;;;;;
;;;;;;;;;;;;
;;;;;;;;;;;;
;;;;;;;;;;;;
;;;;;;;;;;;;
;;;;;;;;;;;;
;;;;;;;;;;;;
;;;;;;;;;;;;
;;;;;;;;;;;;
